date,time,code,name,market,subject,enter_date,serial,method,method_seq,method_detail
2026-04-10,16:05:40,3135,凌航,sii,公告本公司國內第二次無擔保轉換公司債代收價款及存儲專戶行庫,1150410,2,詢價圈購,115154,2026-03-11 董事會決議公告「公告本公司董事會決議發行國內第二次無擔保可轉換公司債」承銷方式：詢價圈購，統一綜合證券股份有限公司；第二次無擔保轉換公司債：詢價圈購，公會承銷公告 115154（2026/04/21，統一綜合證券股份有限公司）
2026-04-10,16:24:58,4714,永捷,otc,公告本公司國內第八次有擔保轉換公司債代收價款及存儲專戶行庫,1150410,1,公開競標,115147,2025-12-05 董事會決議公告「本公司董事會決議發行國內第八次有擔保可轉換公司債」承銷方式：公開競標，元富證券股份有限公司；第八次有擔保轉換公司債：公開競標，公會承銷公告 115147（2026/04/20，台新綜合證券股份有限公司）；投標 2026/04/16~2026/04/20，底價 100.00
2026-04-14,14:39:22,8271,宇瞻,sii,公告本公司國內第一次無擔保轉換公司債代收價款及存儲專戶行庫,1150414,1,公開競標,115151,2026-02-25 董事會決議公告「本公司董事會決議發行國內第一次無擔保轉換公司債」承銷方式：公開競標，凱基證券股份有限公司；第一次無擔保轉換公司債：公開競標，公會承銷公告 115151（2026/04/14，凱基證券股份有限公司）；投標 2026/04/17~2026/04/21，底價 101.00
2026-04-14,15:46:00,4123,晟德,otc,公告本公司國內第八次無擔保轉換公司債暨第九次無擔保轉換公司債代收價款行庫及存儲專戶行庫,1150414,6,公開競標/詢價圈購,"115152,115171",第八次無擔保轉換公司債：詢價圈購，公會承銷公告 115152（2026/04/20，台新綜合證券股份有限公司）；第九次無擔保轉換公司債：公開競標，公會承銷公告 115171（2026/04/30，台新綜合證券股份有限公司）；投標 2026/04/28~2026/04/30，底價 100.00
2026-04-14,16:33:08,8111,立碁,otc,公告本公司發行國內第四次無擔保轉換公司債代收價款及存儲專戶行庫,1150413,2,詢價圈購,115141,2025-11-11 董事會決議公告「本公司董事會決議發行國內第四次無擔保轉換公司債」承銷方式：詢價圈購，群益金鼎證券股份有限公司；第四次無擔保轉換公司債：詢價圈購，公會承銷公告 115141（2026/04/15，群益金鼎證券股份有限公司）
2026-04-16,15:57:32,6603,富強鑫,otc,公告本公司國內第四次無擔保轉換公司債代收價款及存儲專戶行庫,1150416,1,詢價圈購,115146,2025-11-11 董事會決議公告「本公司董事會決議辦理發行國內第四次無擔保轉換公司債」承銷方式：詢價圈購，統一綜合證券股份有限公司。；第四次無擔保轉換公司債：詢價圈購，公會承銷公告 115146（2026/04/20，統一綜合證券股份有限公司）
2026-04-20,14:20:29,5284,jpp-KY,sii,公告本公司簽訂發行第四及第五次無擔保轉換公司債代收股款行庫及存儲專戶,1150420,1,詢價圈購,115153,2026-03-11 董事會決議公告「本公司董事會決議發行中華民國境內第五次無擔保轉換公司債」承銷方式：詢價圈購，凱基證券股份有限公司；第五次無擔保轉換公司債：詢價圈購，公會承銷公告 115153（2026/04/20，凱基證券股份有限公司）
2026-04-20,16:21:42,4503,金雨,otc,公告本公司國內第一次有擔保轉換公司債代收價款行庫及存儲專戶行庫,1150420,1,公開競標,115167,2026-03-11 董事會決議公告「公告本公司董事會決議辦理發行國內第一次有擔保轉換公司債」承銷方式：公開競標，元大證券股份有限公司。；第一次有擔保轉換公司債：公開競標，公會承銷公告 115167（2026/04/29，元大證券股份有限公司）；投標 2026/04/27~2026/04/29，底價 101.00
2026-04-22,14:48:17,3680,家登,otc,公告本公司國內第五次及第六次無擔保轉換公司債之代收價款及專戶存儲相關事宜,1150421,2,公開競標/詢價圈購,"115161,115180",第五次無擔保轉換公司債：詢價圈購，公會承銷公告 115161（2026/04/23，凱基證券股份有限公司）；第六次無擔保轉換公司債：公開競標，公會承銷公告 115180（2026/04/30，凱基證券股份有限公司）；投標 2026/05/06~2026/05/08，底價 102.00
2026-04-22,16:59:43,8074,鉅橡,otc,公告本公司國內第六次有擔保轉換公司債代收價款及存儲專戶行庫,1150422,4,公開競標,115172,2026-03-06 董事會決議公告「公告本公司董事會決議發行國內第六次有擔保轉換公司債」承銷方式：公開競標，授權董事長全權處理之。；第六次有擔保轉換公司債：公開競標，公會承銷公告 115172（2026/04/30，福邦證券股份有限公司）；投標 2026/04/28~2026/04/30，底價 100.00
2026-04-29,17:24:40,8462,柏文,sii,公告本公司發行國內第四次無擔保轉換公司債之委託代收價款行庫及存儲專戶行庫,1150429,1,詢價圈購,115162,2026-03-11 董事會決議公告「公告本公司董事會決議發行國內第四次無擔保轉換公司債」承銷方式：詢價圈購，永豐金證券股份有限公司；第四次無擔保轉換公司債：詢價圈購，公會承銷公告 115162（2026/04/24，永豐金證券股份有限公司）
2026-04-30,16:42:07,6803,崑鼎,otc,公告本公司國內第二次無擔保轉換公司債代收價款行庫及存儲專戶行庫,1150421,1,公開競標,115181,2026-03-09 董事會決議公告「董事會決議發行國內第二次無擔保轉換公司債」承銷方式：公開競標，國泰綜合證券股份有限公司；第二次無擔保轉換公司債：公開競標，公會承銷公告 115181（2026/05/08，國泰綜合證券股份有限公司）；投標 2026/05/06~2026/05/08，底價 102.00
2026-05-04,15:55:01,5464,霖宏,otc,公告本公司國內第二次有擔保轉換公司債代收價款及存儲專戶行庫,1150504,1,公開競標,115185,2026-03-11 董事會決議公告「本公司董事會決議發行國內第二次有擔保轉換公司債」承銷方式：公開競標，群益金鼎證券股份有限公司；第二次有擔保轉換公司債：公開競標，公會承銷公告 115185（2026/05/05，群益金鼎證券股份有限公司）；投標 2026/05/08~2026/05/12，底價 100.00
2026-05-04,16:43:09,7610,聯友金屬-創,sii,公告本公司簽訂發行國內第一次無擔保轉換公司債之存儲專戶及代收價款專戶,1150504,1,詢價圈購,115179,2026-03-05 董事會決議公告「公告董事會決議發行本公司國內第一次無擔保可轉換公司債」承銷方式：詢價圈購，:福邦證券股份有限公司；第一次無擔保轉換公司債：詢價圈購，公會承銷公告 115179（2026/05/07，福邦證券股份有限公司）
2026-05-05,17:16:45,5464,霖宏,otc,(補充公告)公告本公司國內第二次有擔保轉換公司債代收價款及存儲專戶行庫,1150505,2,公開競標,115185,2026-03-11 董事會決議公告「本公司董事會決議發行國內第二次有擔保轉換公司債」承銷方式：公開競標，群益金鼎證券股份有限公司；第二次有擔保轉換公司債：公開競標，公會承銷公告 115185（2026/05/05，群益金鼎證券股份有限公司）；投標 2026/05/08~2026/05/12，底價 100.00
2026-05-07,15:31:47,4760,勤凱科技,otc,公告本公司國內第二次無擔保轉換公司債之委託代收價款及存儲專戶行庫,1150507,1,詢價圈購,115183,2026-03-02 董事會決議公告「本公司董事會決議通過變更國內第二次無擔保轉換公司債資金用途及發行條件」承銷方式：詢價圈購，富邦綜合證券股份有限公司。；第二次無擔保轉換公司債：詢價圈購，公會承銷公告 115183（2026/05/08，富邦綜合證券股份有限公司）
2026-05-08,16:39:07,4722,國精化,sii,公告本公司國內第四次無擔保轉換公司債代收價款行庫及存儲專戶行庫,1150508,4,詢價圈購,115188,2026-03-09 董事會決議公告「本公司董事會決議發行國內第四次無擔保轉換公司債」承銷方式：詢價圈購，華南永昌綜合證券股份有限公司；第四次無擔保轉換公司債：詢價圈購，公會承銷公告 115188（2026/05/14，華南永昌綜合證券股份有限公司）
2026-05-08,16:48:04,4931,新盛力,otc,公告本公司國內第一次無擔保轉換公司債代收價款行庫及存儲專戶行庫,1150508,1,公開競標,115196,2026-03-06 董事會決議公告「本公司董事會決議發行國內第一次無擔保轉換公司債」承銷方式：公開競標，台新綜合證券股份有限公司；第一次無擔保轉換公司債：公開競標，公會承銷公告 115196（2026/05/18，台新綜合證券股份有限公司）；投標 2026/05/14~2026/05/18，底價 102.00
2026-05-08,17:52:11,4749,新應材,otc,公告本公司簽訂發行第一次無擔保轉換公司債代收股款行庫及存儲專戶,1150508,5,公開競標,115192,2026-03-11 董事會決議公告「公告本公司董事會決議辦理發行國內第一次無擔保轉換公司債案」承銷方式：公開競標，兆豐證券股份有限公司；第一次無擔保轉換公司債：公開競標，公會承銷公告 115192（2026/05/15，兆豐證券股份有限公司）；投標 2026/05/13~2026/05/15，底價 100.00
2026-05-11,18:17:52,9935,慶豐富,sii,公告本公司國內第四次無擔保轉換公司債之代收價款行庫及存儲專戶行庫,1150511,2,詢價圈購,B:2026-04-13:9935:1,2026-04-13 董事會決議公告「本公司董事會決議發行國內第四次無擔保轉換公司債」承銷方式：詢價圈購，凱基證券股份有限公司
2026-05-18,13:51:29,1717,長興,sii,公告本公司國內第二次無擔保轉換公司債代收價款行庫及存儲專戶行庫,1150518,1,公開競標,115207,2026-03-13 董事會決議公告「本公司董事會決議發行國內第二次無擔保轉換公司債」承銷方式：公開競標，台新綜合證券股份有限公司。；第二次無擔保轉換公司債：公開競標，公會承銷公告 115207（2026/05/26，台新綜合證券股份有限公司）；投標 2026/05/22~2026/05/26，底價 100.00
2026-05-18,14:38:54,6546,正基,otc,公告本公司國內第二次暨第三次無擔保轉換公司債代收價款行庫及存儲專戶行庫,1150518,1,公開競標/詢價圈購,"115209,115236",第二次無擔保轉換公司債：詢價圈購，公會承銷公告 115209（2026/05/26，凱基證券股份有限公司）；第三次無擔保轉換公司債：公開競標，公會承銷公告 115236（2026/06/09，凱基證券股份有限公司）；投標 2026/06/12~2026/06/16，底價 105.00
2026-05-20,16:04:34,3491,昇達科,otc,公告本公司國內第三次無擔保轉換公司債代收價款及存儲專戶行庫,1150512,3,公開競標,115208,2026-04-16 董事會決議公告「公告本公司董事會決議發行國內第三次無擔保轉換公司債」承銷方式：公開競標，凱基證券股份有限公司；第三次無擔保轉換公司債：公開競標，公會承銷公告 115208（2026/05/20，凱基證券股份有限公司）；投標 2026/05/25~2026/05/27，底價 102.00
2026-05-20,16:32:20,6220,岳豐,otc,公告本公司國內第十次有擔保轉換公司債代收價款行庫及存儲專戶行庫,1150520,1,公開競標,115210,2026-04-10 董事會決議公告「公告本公司董事會決議辦理發行國內第十次有擔保轉換公司債」承銷方式：公開競標，凱基證券股份有限公司；第十次有擔保轉換公司債：公開競標，公會承銷公告 115210（2026/05/21，凱基證券股份有限公司）；投標 2026/05/26~2026/05/28，底價 102.00
2026-05-20,17:52:31,5289,宜鼎,otc,公告本公司國內第二次無擔保轉換公司債之代收價款行庫及存儲專戶行庫,1150520,1,公開競標,115239,2026-02-26 董事會決議公告「公告本公司董事會決議通過發行國內第二次無擔保轉換公司債」承銷方式：公開競標，凱基證券股份有限公司；第二次無擔保轉換公司債：公開競標，公會承銷公告 115239（2026/06/10，凱基證券股份有限公司）；投標 2026/06/15~2026/06/17，底價 102.00
2026-05-28,16:17:51,3294,英濟,otc,公告本公司國內第三次有擔保轉換公司債代收價款行庫及存儲專戶行庫,1150528,1,公開競標,115224,2025-12-12 董事會決議公告「本公司董事會決議發行國內第三次有擔保轉換公司債」承銷方式：公開競標，台新綜合證券股份有限公司；第三次有擔保轉換公司債：公開競標，公會承銷公告 115224（2026/06/05，台新綜合證券股份有限公司）；投標 2026/06/03~2026/06/05，底價 100.00
2026-05-28,17:47:56,6223,旺矽,otc,公告本公司國內第六次無擔保轉換公司債代收股款行庫及存儲專戶,1150528,1,詢價圈購,115218,第六次無擔保轉換公司債：詢價圈購，公會承銷公告 115218（2026/05/29，凱基證券股份有限公司）
2026-06-01,14:58:05,8442,威宏-KY,sii,公告本公司發行中華民國境內第三次有擔保轉換公司債及中華民國境內第四次無擔保轉換公司債之代收價款行庫及存儲專戶行庫,1150601,1,公開競標/詢價圈購,"115270,115380",第三次有擔保轉換公司債：公開競標，公會承銷公告 115270（2026/07/09，富邦綜合證券股份有限公司）；投標 2026/07/09~2026/07/13，底價 100.00；第四次無擔保轉換公司債：詢價圈購，公會承銷公告 115380（2026/09/14，富邦綜合證券股份有限公司）
2026-06-04,16:47:02,4190,佐登-KY,sii,公告本公司中華民國境內第四次有擔保轉換公司債代收及存儲價款專戶行庫,1150604,1,公開競標,115240,2026-04-14 董事會決議公告「本公司董事會決議發行中華民國境內第四次有擔保轉換公司債」承銷方式：公開競標，華南永昌綜合證券股份有限公司；第四次有擔保轉換公司債：公開競標，公會承銷公告 115240（2026/06/16，華南永昌綜合證券股份有限公司）；投標 2026/06/12~2026/06/16，底價 100.00
2026-06-08,14:53:38,8112,至上,sii,公告本公司簽訂國內第十一次無擔保轉換公司債代收價款行庫及存儲專戶行庫,1150608,4,詢價圈購,115227,2026-05-11 董事會決議公告「公告本公司董事會決議發行國內第十一次無擔保轉換公司債」承銷方式：詢價圈購，凱基證券股份有限公司；第十一次無擔保轉換公司債：詢價圈購，公會承銷公告 115227（2026/06/08，凱基證券股份有限公司）
2026-06-10,17:07:14,6187,萬潤,otc,公告本公司國內第六次無擔保轉換公司債代收價款行庫及存儲專戶行庫,1150610,6,公開競標,115244,2026-04-30 董事會決議公告「公告董事會決議發行國內第六次無擔保轉換公司債」承銷方式：公開競標，授權董事長全權處理；第六次無擔保轉換公司債：公開競標，公會承銷公告 115244（2026/06/18，元大證券股份有限公司）；投標 2026/06/16~2026/06/18，底價 102.00
2026-06-16,14:05:07,8096,擎亞,otc,公告本公司簽訂發行國內第二次暨第三次無擔保轉換公司債代收價款行庫及存儲專戶行庫,1150616,1,公開競標/詢價圈購,"115242,115258",第二次無擔保轉換公司債：詢價圈購，公會承銷公告 115242（2026/06/18，統一綜合證券股份有限公司）；第三次無擔保轉換公司債：公開競標，公會承銷公告 115258（2026/07/02，統一綜合證券股份有限公司）；投標 2026/06/29~2026/07/01，底價 100.00
2026-06-17,14:41:20,3006,晶豪科,sii,公告本公司國內第二次有擔保轉換公司債之代收價款行庫及存儲專戶行庫,1150617,1,公開競標,115385,2026-05-22 董事會決議公告「董事會決議發行本公司國內第二次有擔保轉換公司債」承銷方式：公開競標，凱基證券股份有限公司；第二次有擔保轉換公司債：公開競標，公會承銷公告 115385（2026/09/09，凱基證券股份有限公司）；投標 2026/09/15~2026/09/17，底價 102.00
2026-06-18,17:03:20,3605,宏致,sii,公告本公司發行國內第四次無擔保轉換公司債之代收價款行庫及存儲專戶,1150617,4,詢價圈購,115248,2025-12-22 董事會決議公告「公告本公司董事會決議通過發行國內第四次無擔保轉換公司債」承銷方式：詢價圈購，凱基證券股份有限公司；第四次無擔保轉換公司債：詢價圈購，公會承銷公告 115248（2026/06/22，凱基證券股份有限公司）
2026-06-23,13:06:09,6693,廣閎科,otc,公告本公司發行國內第一次無擔保轉換公司債之委託代收價款行庫及存儲專戶行庫,1150623,1,詢價圈購,115273,2026-05-06 董事會決議公告「公告本公司董事會決議發行國內第一次無擔保可轉換公司債」承銷方式：詢價圈購，兆豐證券股份有限公司；第一次無擔保轉換公司債：詢價圈購，公會承銷公告 115273（2026/07/13，兆豐證券股份有限公司）
2026-06-23,17:10:41,6584,南俊國際,otc,公告本公司簽訂發行第三次無擔保轉換公司債代收股款行庫及存儲專戶,1150623,1,詢價圈購,115245,2026-05-12 董事會決議公告「董事會決議發行國內第三次無擔保轉換公司債」承銷方式：詢價圈購，(待簽約完成後公告)；第三次無擔保轉換公司債：詢價圈購，公會承銷公告 115245（2026/06/17，凱基證券股份有限公司）
2026-06-25,17:26:44,3028,增你強,sii,公告本公司簽訂國內第五次無擔保轉換公司債暨國內第六次無擔保轉換公司債之代收價款及存儲價款合約,1150625,1,公開競標/詢價圈購,"115274,115376",第五次無擔保轉換公司債：詢價圈購，公會承銷公告 115274（2026/07/06，富邦綜合證券股份有限公司）；第六次無擔保轉換公司債：公開競標，公會承銷公告 115376（2026/09/14，富邦綜合證券股份有限公司）；投標 2026/09/10~2026/09/14，底價 101.00
2026-06-26,13:58:03,6134,萬旭,otc,公告本公司國內第三次有擔保轉換公司債之代收價款行庫及存儲專戶行庫,1150626,1,公開競標,115263,2026-05-12 董事會決議公告「公告本公司董事會決議通過發行國內第三次有擔保轉換公司債」承銷方式：公開競標，中國信託綜合證券股份有限公司；第三次有擔保轉換公司債：公開競標，公會承銷公告 115263（2026/07/06，中國信託綜合證券股份有限公司）；投標 2026/07/02~2026/07/06，底價 100.00
2026-06-29,15:42:41,8054,安國,otc,公告本公司發行國內第一次有擔保轉換公司債之代收價款及存儲專戶行庫,1150629,2,公開競標,115267,2026-05-08 董事會決議公告「公告本公司董事會決議辦理發行國內第一次有擔保轉換公司債」承銷方式：公開競標，福邦證券股份有限公司；第一次有擔保轉換公司債：公開競標，公會承銷公告 115267（2026/07/08，福邦證券股份有限公司）；投標 2026/07/06~2026/07/08，底價 100.00
2026-06-29,16:16:01,1623,大東電,sii,公告本公司發行國內第一次無擔保轉換公司債之代收價款行庫及存儲專戶行庫,1150629,1,詢價圈購,115261,第一次無擔保轉換公司債：詢價圈購，公會承銷公告 115261（2026/07/01，國泰綜合證券股份有限公司）
2026-07-03,17:23:25,6869,雲豹能源,sii,公告本公司國內第二次有擔保轉換公司債代收價款及存儲價款專戶機構,1150703,2,公開競標,115275,2026-05-12 董事會決議公告「公告本公司董事會決議發行國內第二次有擔保轉換公司債」承銷方式：公開競標，凱基證券股份有限公司；第二次有擔保轉換公司債：公開競標，公會承銷公告 115275（2026/07/06，凱基證券股份有限公司）；投標 2026/07/09~2026/07/13，底價 100.00
2026-07-06,11:36:48,3583,辛耘,sii,公告本公司國內第三次及第四次無擔保轉換公司債代收價款行庫及存儲專戶行庫,1150701,1,公開競標/詢價圈購,"115284,115365",2026-05-08 董事會決議公告「本公司董事會決議發行國內第三次及第四次無擔保轉換公司債」承銷方式：公開競標/詢價圈購，元大證券股份有限公司；第三次無擔保轉換公司債：詢價圈購，公會承銷公告 115284（2026/07/14，元大證券股份有限公司）；第四次無擔保轉換公司債：公開競標，公會承銷公告 115365（2026/09/09，元大證券股份有限公司）；投標 2026/09/07~2026/09/09，底價 107.00
2026-07-08,16:09:27,6683,雍智科技,otc,公告本公司國內第一次無擔保轉換公司債之代收價款行庫及存儲專戶行庫,1150708,1,公開競標,115297,2026-04-13 董事會決議公告「公告本公司董事會決議發行國內第一次無擔保轉換公司債」承銷方式：公開競標，凱基證券股份有限公司；第一次無擔保轉換公司債：公開競標，公會承銷公告 115297（2026/07/21，凱基證券股份有限公司）；投標 2026/07/24~2026/07/28，底價 102.00
2026-07-08,16:44:14,6903,巨漢,otc,公告本公司國內第一次暨第二次無擔保轉換公司債代收價款行庫及存儲專戶行庫,1150708,1,公開競標/詢價圈購,"115272,115295",第一次無擔保轉換公司債：詢價圈購，公會承銷公告 115272（2026/07/09，富邦綜合證券股份有限公司）；第二次無擔保轉換公司債：公開競標，公會承銷公告 115295（2026/07/27，富邦綜合證券股份有限公司）；投標 2026/07/23~2026/07/27，底價 102.00
2026-07-09,18:09:44,8438,昶昕,sii,公告本公司國內第一次無擔保轉換公司債委託代收價款及存儲專戶合約,1150709,1,公開競標,115290,2026-02-24 董事會決議公告「公告本公司董事會決議發行國內第一次無擔保轉換公司債」承銷方式：公開競標，台新綜合證券股份有限公司；第一次無擔保轉換公司債：公開競標，公會承銷公告 115290（2026/07/23，台新綜合證券股份有限公司）；投標 2026/07/21~2026/07/23，底價 100.00
2026-07-13,17:38:27,2486,一詮,sii,公告本公司國內第七次無擔保轉換公司債之委託代收債款及存儲專戶行庫,1150713,1,詢價圈購,115269,2026-04-14 董事會決議公告「本公司董事會決議發行國內第七次無擔保轉換公司債」承銷方式：詢價圈購，中國信託綜合證券股份有限公司。；第七次無擔保轉換公司債：詢價圈購，公會承銷公告 115269（2026/07/14，中國信託綜合證券股份有限公司）
2026-07-15,16:14:51,5291,邑昇,otc,公告本公司國內第二次無擔保轉換公司債代收股款行庫及存儲專戶,1150715,1,詢價圈購,115281,2026-04-22 董事會決議公告「公告本公司董事會決議通過發行國內第二次無擔保轉換公司債」承銷方式：詢價圈購，採詢價圈購方式全數對外由承銷商公開承銷；第二次無擔保轉換公司債：詢價圈購，公會承銷公告 115281（2026/07/16，統一綜合證券股份有限公司）
2026-07-16,17:21:54,4764,雙鍵,sii,公告本公司簽訂發行國內第二次有擔保轉換公司債之代收價款行庫及存儲專戶行庫,1150716,4,公開競標,115291,2026-03-13 董事會決議公告「公告本公司董事會決議發行國內第二次有擔保轉換公司債」承銷方式：公開競標，凱基證券股份有限公司；第二次有擔保轉換公司債：公開競標，公會承銷公告 115291（2026/07/16，凱基證券股份有限公司）；投標 2026/07/21~2026/07/23，底價 102.00
2026-07-17,14:23:42,5536,聖暉*,otc,公告本公司發行國內第二次及第三次無擔保轉換公司債代收價款行庫及存儲專戶,1150717,1,公開競標/詢價圈購,"115289,115315",第二次無擔保轉換公司債：詢價圈購，公會承銷公告 115289（2026/07/20，國票綜合證券股份有限公司）；第三次無擔保轉換公司債：公開競標，公會承銷公告 115315（2026/07/28，國票綜合證券股份有限公司）；投標 2026/07/31~2026/08/04，底價 102.00
2026-07-17,15:04:18,8155,博智,otc,公告本公司國內第二次、第三次無擔保轉換公司債代收價款行庫及存儲專戶行庫,1150717,1,公開競標/詢價圈購,"115285,115308",第二次無擔保轉換公司債：詢價圈購，公會承銷公告 115285（2026/07/17，凱基證券股份有限公司）；第三次無擔保轉換公司債：公開競標，公會承銷公告 115308（2026/07/24，凱基證券股份有限公司）；投標 2026/07/29~2026/07/31，底價 105.00
2026-07-20,15:28:29,3512,皇龍,otc,公告本公司國內第二次有擔保轉換公司債代收價款專戶及存儲專戶行庫,1150720,1,公開競標,115318,2026-06-01 董事會決議公告「公告本公司董事會決議募集與發行國內第二次有擔保轉換公司債」承銷方式：公開競標，台新綜合證券股份有限公司。；第二次有擔保轉換公司債：公開競標，公會承銷公告 115318（2026/08/05，台新綜合證券股份有限公司）；投標 2026/08/03~2026/08/05，底價 100.00
2026-07-21,16:07:02,2303,聯電,sii,公告本公司發行國內第一次暨第二次無擔保轉換公司債代收價款行庫及存儲專戶行庫,1150721,2,公開競標/詢價圈購,"115294,115336",2026-06-03 董事會決議公告「本公司董事會決議發行國內第一次無擔保轉換公司債相關事宜」承銷方式：詢價圈購，宏遠證券股份有限公司；2026-06-03 董事會決議公告「本公司董事會決議發行國內第二次無擔保轉換公司債相關事宜」承銷方式：公開競標，宏遠證券股份有限公司；第一次無擔保轉換公司債：詢價圈購，公會承銷公告 115294（2026/07/27，宏遠證券股份有限公司）；第二次無擔保轉換公司債：公開競標，公會承銷公告 115336（2026/08/21，宏遠證券股份有限公司）；投標 2026/08/19~2026/08/21，底價 100.00
2026-07-22,14:21:21,3081,聯亞,otc,公告本公司國內第一次有擔保轉換公司債代收價款行庫及存儲專戶行庫,1150722,2,公開競標,115307,2026-06-17 董事會決議公告「公告本公司董事會決議發行國內第一次有擔保轉換公司債」承銷方式：公開競標，元大證券股份有限公司。；第一次有擔保轉換公司債：公開競標，公會承銷公告 115307（2026/07/30，元大證券股份有限公司）；投標 2026/07/28~2026/07/30，底價 105.00
2026-07-23,19:04:11,3141,晶宏,otc,公告本公司國內第四次無擔保轉換公司債代收債款及存儲專戶行庫,1150723,1,詢價圈購,115293,第四次無擔保轉換公司債：詢價圈購，公會承銷公告 115293（2026/07/27，統一綜合證券股份有限公司）
2026-07-24,15:53:51,8936,國統,otc,公告本公司國內第五次有擔保轉換公司債暨第六次無擔保轉換公司債代收價款行庫及存儲專戶行庫,1150723,1,公開競標,"115314,115330",第五次有擔保轉換公司債：公開競標，公會承銷公告 115314（2026/08/04，台新綜合證券股份有限公司）；投標 2026/07/31~2026/08/04，底價 102.00；第六次無擔保轉換公司債：公開競標，公會承銷公告 115330（2026/08/14，台新綜合證券股份有限公司）；投標 2026/08/13~2026/08/17，底價 102.00
2026-07-29,17:11:02,4967,十銓,sii,公告本公司國內第五次無擔保轉換公司債代收價款行庫及存儲專戶行庫,1150729,1,公開競標,115316,2026-06-17 董事會決議公告「公告本公司董事會決議發行國內第五次無擔保轉換公司債」承銷方式：公開競標，永豐金證券股份有限公司；第五次無擔保轉換公司債：公開競標，公會承銷公告 115316（2026/08/05，永豐金證券股份有限公司）；投標 2026/08/03~2026/08/05，底價 102.00
2026-07-30,14:42:28,6570,維田,otc,公告本公司簽訂發行國內第二次無擔保轉換公司債之代收價款行庫及存儲專戶行庫,1150730,1,詢價圈購,115313,2026-06-29 董事會決議公告「公告本公司董事會決議發行國內第二次無擔保轉換公司債」承銷方式：詢價圈購，統一綜合證券股份有限公司。；第二次無擔保轉換公司債：詢價圈購，公會承銷公告 115313（2026/08/03，統一綜合證券股份有限公司）
2026-07-30,15:08:21,3081,聯亞,otc,公告本公司國內第二次無擔保轉換公司債代收價款行庫及存儲專戶行庫,1150730,2,詢價圈購,115310,2026-06-17 董事會決議公告「公告本公司董事會決議發行國內第二次無擔保轉換公司債」承銷方式：詢價圈購，元大證券股份有限公司。；第二次無擔保轉換公司債：詢價圈購，公會承銷公告 115310（2026/07/31，元大證券股份有限公司）
2026-07-31,14:24:15,3016,嘉晶,sii,公告本公司國內第六次無擔保轉換公司債代收價款及存儲專戶行庫,1150731,1,詢價圈購,115317,2026-06-30 董事會決議公告「公告本公司董事會決議發行國內第六次無擔保轉換公司債」承銷方式：詢價圈購，凱基證券股份有限公司；第六次無擔保轉換公司債：詢價圈購，公會承銷公告 115317（2026/08/04，凱基證券股份有限公司）
2026-08-04,17:32:19,3219,倚強科,otc,公告本公司國內第一次無擔保轉換公司債代收價款行庫及存儲專戶行庫,1150804,2,公開競標,115325,2026-07-01 董事會決議公告「公告本公司董事會決議辦理發行國內第一次無擔保轉換公司債」承銷方式：公開競標，群益金鼎證券股份有限公司；第一次無擔保轉換公司債：公開競標，公會承銷公告 115325（2026/08/05，群益金鼎證券股份有限公司）；投標 2026/08/10~2026/08/12，底價 100.00
2026-08-05,16:29:55,4973,廣穎電通,otc,公告本公司發行國內第一次無擔保轉換公司債代收價款及存儲專戶行庫,1150805,1,詢價圈購,115323,2026-05-08 董事會決議公告「公告本公司董事會決議發行國內第一次無擔保轉換公司債」承銷方式：詢價圈購，台新綜合證券股份有限公司；第一次無擔保轉換公司債：詢價圈購，公會承銷公告 115323（2026/08/10，台新綜合證券股份有限公司）
2026-08-10,15:56:35,7631,聚賢研發-創,sii,公告本公司國內第一次無擔保轉換公司債代收價款行庫及存儲專戶行庫,1150810,2,詢價圈購,115328,2026-06-24 董事會決議公告「公告本公司董事會決議發行國內第一次無擔保轉換公司債」承銷方式：詢價圈購，依票面金額之100.5%發行，並授權董事長視金融市場狀況與主辦承銷商；第一次無擔保轉換公司債：詢價圈購，公會承銷公告 115328（2026/08/13，宏遠證券股份有限公司）
2026-08-11,15:15:31,3149,正達,sii,公告本公司國內第四次有擔保轉換公司債代收價款行庫及存儲專戶行庫,1150810,2,公開競標,115331,2026-03-20 董事會決議公告「董事會決議發行國內第四次有擔保轉換公司債」承銷方式：公開競標，授權董事長全權處理；第四次有擔保轉換公司債：公開競標，公會承銷公告 115331（2026/08/18，台新綜合證券股份有限公司）；投標 2026/08/14~2026/08/18，底價 100.00
2026-08-13,15:37:51,1560,中砂,sii,公告本公司簽訂發行第二次無擔保轉換公司債代收價款行庫及存儲專戶行庫,1150813,1,公開競標,115337,2026-06-18 董事會決議公告「公告本公司董事會決議發行國內第二次無擔保轉換公司債」承銷方式：公開競標，元大證券股份有限公司；第二次無擔保轉換公司債：公開競標，公會承銷公告 115337（2026/08/21，元大證券股份有限公司）；投標 2026/08/19~2026/08/21，底價 103.00
2026-08-17,16:00:55,2464,盟立,sii,公告本公司國內第三次無擔保轉換公司債之代收價款行庫及存儲專戶行庫,1150817,2,公開競標,115340,2026-06-16 董事會決議公告「公告董事會決議通過發行國內第三次無擔保轉換公司債」承銷方式：公開競標，中國信託綜合證券股份有限公司；第三次無擔保轉換公司債：公開競標，公會承銷公告 115340（2026/08/25，中國信託綜合證券股份有限公司）；投標 2026/08/21~2026/08/25，底價 103.00
2026-08-20,15:01:40,8222,寶一,sii,公告本公司國內第一次有擔保轉換公司債代收債款行庫及存儲專戶行庫,1150820,1,公開競標,115348,2026-03-09 董事會決議公告「公告本公司董事會決議辦理發行國內第一次有擔保轉換公司債」承銷方式：公開競標，授權董事長全權處理。；第一次有擔保轉換公司債：公開競標，公會承銷公告 115348（2026/08/28，台新綜合證券股份有限公司）；投標 2026/08/26~2026/08/28，底價 101.00
2026-08-27,11:18:31,2221,大甲,otc,公告本公司發行國內第一次無擔保轉換公司債代收價款及存儲專戶行庫,1150827,2,詢價圈購,115354,2026-07-29 董事會決議公告「公告本公司董事會決議辦理發行國內第一次無擔保轉換公司債」承銷方式：詢價圈購，統一綜合證券股份有限公司；第一次無擔保轉換公司債：詢價圈購，公會承銷公告 115354（2026/08/31，統一綜合證券股份有限公司）
2026-08-27,18:35:29,4541,晟田,otc,公告本公司簽訂發行國內第五次有擔保轉換公司債之代收價款行庫及存儲專戶行庫,1150827,1,公開競標,115372,2026-06-11 董事會決議公告「董事會決議發行國內第五次有擔保轉換公司債」承銷方式：公開競標，凱基證券股份有限公司；第五次有擔保轉換公司債：公開競標，公會承銷公告 115372（2026/09/01，凱基證券股份有限公司）；投標 2026/09/04~2026/09/08，底價 100.00
2026-09-01,18:34:34,3141,晶宏,otc,公告本公司國內第五次無擔保轉換公司債代收債款及存儲專戶行庫,1150831,3,公開競標,115366,第五次無擔保轉換公司債：公開競標，公會承銷公告 115366（2026/09/08，統一綜合證券股份有限公司）；投標 2026/09/07~2026/09/09，底價 103.50
2026-09-02,15:48:43,4541,晟田,otc,公告本公司簽訂發行國內第六次無擔保轉換公司債之代收價款行庫及存儲專戶行庫,1150902,1,詢價圈購,115374,2026-06-11 董事會決議公告「董事會決議發行國內第六次無擔保轉換公司債」承銷方式：詢價圈購，凱基證券股份有限公司；第六次無擔保轉換公司債：詢價圈購，公會承銷公告 115374（2026/09/08，凱基證券股份有限公司）
2026-09-02,16:50:10,7743,金利食安,otc,公告本公司發行第一次無擔保轉換公司債代收及存儲債款專戶合約,1150901,1,詢價圈購,115346,2026-07-28 董事會決議公告「本公司董事會決議發行國內第一次無擔保轉換公司債」承銷方式：詢價圈購，永豐金證券股份有限公司；第一次無擔保轉換公司債：詢價圈購，公會承銷公告 115346（2026/08/27，永豐金證券股份有限公司）
2026-09-04,15:23:07,3260,威剛,otc,公告本公司發行國內第九次無擔保轉換公司債代收價款及存儲專戶行庫,1150903,2,詢價圈購,115362,2026-07-30 董事會決議公告「公告本公司董事會決議發行國內第九次無擔保轉換公司債(更正發行總額)」承銷方式：詢價圈購，群益金鼎證券股份有限公司；第九次無擔保轉換公司債：詢價圈購，公會承銷公告 115362（2026/09/04，群益金鼎證券股份有限公司）
2026-09-08,09:27:06,2756,聯發國際,otc,公告本公司國內第二次無擔保轉換公司債之委託代收價款及存儲專戶行庫,1150907,1,詢價圈購,115375,2026-08-07 董事會決議公告「公告本公司董事會決議發行國內第二次無擔保轉換公司債」承銷方式：詢價圈購，統一綜合證券股份有限公司。；第二次無擔保轉換公司債：詢價圈購，公會承銷公告 115375（2026/09/10，統一綜合證券股份有限公司）
2026-09-08,14:16:55,2646,星宇航空,sii,公告本公司發行115年度國內第一次及第二次無擔保轉換公司債之代收價款行庫及存儲專戶行庫,1150908,1,公開競標/詢價圈購,"115377,115379",第一次無擔保轉換公司債：詢價圈購，公會承銷公告 115377（2026/09/14，元大證券股份有限公司）；第二次無擔保轉換公司債：公開競標，公會承銷公告 115379（2026/09/15，元大證券股份有限公司）；投標 2026/09/11~2026/09/15，底價 100.00
2026-09-11,16:30:42,8422,可寧衛*,sii,公告本公司國內第三次無擔保轉換公司債代收價款及存儲專戶行庫,1150911,1,公開競標,115391,第三次無擔保轉換公司債：公開競標，公會承銷公告 115391（2026/09/21，中國信託綜合證券股份有限公司）；投標 2026/09/17~2026/09/21，底價 100.00
2026-09-15,14:25:29,6174,安碁,otc,公告本公司發行國內第三次無擔保轉換公司債之委託代收價款行庫及存儲專戶行庫,1150915,1,詢價圈購,115386,第三次無擔保轉換公司債：詢價圈購，公會承銷公告 115386（2026/09/17，兆豐證券股份有限公司）
2026-09-21,16:09:38,8996,高力,sii,公告本公司發行國內第五次及第六次無擔保轉換公司債之代收價款行庫及存儲專戶行庫,1150921,1,公開競標/詢價圈購,115395,第五次無擔保轉換公司債：詢價圈購，公會承銷公告 115395（2026/09/23，富邦綜合證券股份有限公司）；第六次無擔保轉換公司債：公開競標，公會承銷公告 （，富邦綜合證券股份有限公司）；投標 2026/10/06~2026/10/08，底價 105.00
2026-09-22,16:05:33,2316,楠梓電,sii,公告本公司國內第一次無擔保轉換公司債代收價款行庫及存儲專戶行庫,1150922,1,公開競標,,2026-06-26 董事會決議公告「公告本公司董事會決議發行國內第一次無擔保可轉換公司債」承銷方式：公開競標，富邦綜合證券股份有限公司；第一次無擔保轉換公司債：公開競標，公會承銷公告 （，富邦綜合證券股份有限公司）；投標 2026/10/05~2026/10/07，底價 103.00
2026-09-22,16:44:43,6285,啟碁,sii,公告本公司國內第四次及第五次無擔保轉換公司債代收價款行庫及存儲專戶行庫,1150918,3,公開競標/詢價圈購,115394,第四次無擔保轉換公司債：詢價圈購，公會承銷公告 115394（2026/09/23，凱基證券股份有限公司）；第五次無擔保轉換公司債：公開競標，公會承銷公告 （，凱基證券股份有限公司）；投標 2026/10/07~2026/10/12，底價 105.00
2026-09-23,15:36:25,6438,迅得,sii,公告本公司國內第三次無擔保轉換公司債代收價款行庫及存儲專戶行庫,1150923,1,詢價圈購,115396,2026-08-12 董事會決議公告「本公司董事會決議發行國內第三次無擔保轉換公司債」承銷方式：詢價圈購，授權董事長決定；第三次無擔保轉換公司債：詢價圈購，公會承銷公告 115396（2026/09/29，台新綜合證券股份有限公司）
2026-09-24,14:58:21,1727,中華化,sii,公告本公司國內第二次無擔保轉換公司債代收價款及存儲專戶行庫,1150923,2,公開競標,,2026-08-12 董事會決議公告「公告本公司董事會決議通過發行國內第二次無擔保轉換公司債」承銷方式：公開競標，統一綜合證券股份有限公司；第二次無擔保轉換公司債：公開競標，公會承銷公告 （，統一綜合證券股份有限公司）；投標 2026/10/02~2026/10/06，底價 101.50
2026-09-24,16:17:44,4198,欣大健康,otc,公告本公司國內第一次有擔保轉換公司債代收價款行庫及存儲專戶行庫,1150924,2,公開競標,,2026-08-04 董事會決議公告「補充說明本公司董事會決議發行國內第一次有擔保轉換公司債」承銷方式：公開競標，統一綜合證券股份有限公司。；第一次有擔保轉換公司債：公開競標，公會承銷公告 （，統一綜合證券股份有限公司）；投標 2026/10/05~2026/10/07，底價 102.00
2026-09-29,15:23:06,8021,尖點,sii,公告本公司發行國內第三次無擔保轉換公司債完成訂價及代收價款及存儲專戶行庫,1150929,3,公開競標,,2026-08-14 董事會決議公告「公告本公司董事會決議發行國內第三次無擔保轉換公司債」承銷方式：公開競標，福邦證券股份有限公司。；第三次無擔保轉換公司債：公開競標，公會承銷公告 （，福邦證券股份有限公司）；投標 2026/10/02~2026/10/06，底價 100.00
2026-10-06,15:41:52,1295,生合,otc,公告本公司國內第一次無擔保轉換公司債代收價款行庫及存儲專戶行庫,1151006,1,未知,,
2026-10-07,15:02:17,2492,華新科,sii,公告本公司國內第二次無擔保轉換公司債代收價款及存儲專戶行庫,1151007,1,詢價圈購,B:2026-09-04:2492:1,2026-09-04 董事會決議公告「公告本公司董事會決議發行國內第二次無擔保轉換公司債」承銷方式：詢價圈購，國泰綜合證券股份有限公司
2026-10-07,17:17:28,7738,東聯互動,otc,公告本公司國內第一次無擔保轉換公司債代收價款行庫及存儲專戶行庫,1151007,1,詢價圈購,115400,第一次無擔保轉換公司債：詢價圈購，公會承銷公告 115400（2026/10/01，永豐金證券股份有限公司）
