date,time,code,name,market,subject,enter_date,serial,issues,guarantee,method,underwriter
2025-01-22,204809,8472,納維康,otc,本公司董事會決議辦理國內第一次私募無擔保轉換公司債,1140122,2,,,,
2025-02-14,171329,6568,宏觀,otc,公告本公司董事會決議終止民國113年股東會通過之「公開募集發行普通股，或發行新股參與海外存託憑證，或私募方式發行普通股、或海外或國內可轉換公司債」案,1140214,6,,,,
2025-02-14,171437,6568,宏觀,otc,公告本公司董事會決議擬辦理私募發行海外或國內可轉換公司債,1140214,8,,,,
2025-02-21,145017,6239,力成,sii,公告董事會決議終止本公司113年股東常會通過之「辦理現金增資發行普通股參與發行海外存託憑證，及/或現金增資發行普通股、私募普通股，及/或私募、發行海外或國內轉換公司債案」,1140220,3,,,,
2025-02-21,145744,6239,力成,sii,本公司董事會決議辦理私募海外或國內公司債(普通公司債、轉換公司債),1140220,6,,,,
2025-02-21,145815,6239,力成,sii,本公司董事會決議辦理海外或國內公司債(普通公司債、轉換公司債),1140220,7,,,,
2025-02-21,173907,6269,台郡,sii,公告本公司董事會決議終止113年股東會通過之「公開募集發行普通股，或發行新股參與海外存託憑證，或私募方式發行普通股、或海外或國內可轉換公司債」案,1140221,3,,,,
2025-02-21,175645,6269,台郡,sii,公告本公司董事會決議擬辦理私募發行海外或國內可轉換公司債,1140221,6,,,,
2025-02-24,140209,5225,東科-KY,sii,公告董事會決議配息基準日及國內第一次有擔保轉換公司債停止轉換期間,1140224,1,,,,
2025-02-24,165620,8215,明基材,sii,本公司董事會決議辦理私募海外或國內轉換公司債,1140217,6,,,,
2025-02-25,182653,3653,健策,sii,本公司董事會決議通過發行國內第四次及第五次無擔保轉換公司債,1140225,1,,,,
2025-02-25,173639,6613,朋億*,otc,公告本公司董事會決議通過國內第一次無擔保轉換公司債113年第4季及114年1月份轉換發行新股之增資基準日,1140225,3,,,,
2025-02-25,170331,6643,M31,otc,本公司董事會決議辦理私募國內或海外轉換公司債,1140225,11,,,,
2025-02-26,161021,1436,華友聯,sii,公告本公司董事會決議召開114年股東常會相關事宜及國內轉換公司債停止轉換期間,1140226,9,,,,
2025-02-26,202102,6156,松上,otc,公告本公司董事會決議發行國內第五次無擔保轉換公司債,1140226,5,,,,
2025-02-26,170926,8039,台虹,sii,公告本公司董事會決議海外第一次無擔保可轉換公司債換發新股增資基準日,1140226,4,,,,
2025-02-27,181009,6205,詮欣,sii,公告本公司董事會決議辦理私募無擔保可轉換公司債,1140227,6,,,,
2025-02-27,185224,6231,系微,otc,公告本公司董事會決議擬以私募方式辦理本公司114年度第1次國內無擔保可轉換公司債。,1140227,8,,,,
2025-02-27,192301,6469,大樹,otc,本公司董事會決議辦理私募國內無擔保可轉換公司債,1140227,10,,,,
2025-02-27,192221,6469,大樹,otc,公告本公司董事會決議不繼續辦理113年股東常會通過之私募普通股及或私募國內無擔保可轉換公司債案,1140227,8,,,,
2025-02-28,155335,4927,泰鼎-KY,sii,公告本公司董事會決議辦理私募海外或國內轉換公司債,1140228,3,,,,
2025-03-03,201910,4116,明基醫,otc,本公司董事會決議辦理私募海外或國內轉換公司債,1140303,3,,,,
2025-03-04,171132,3131,弘塑,otc,本公司董事會決議發行國內第一次及第二次無擔保轉換公司債,1140304,5,,,,
2025-03-04,152801,6585,鼎基,sii,公告本公司董事會決議召集114年股東常會及國內轉換公司債停止轉換期間,1140304,3,,,,
2025-03-05,173339,6472,保瑞,sii,公告本公司董事會決議員工認股權憑證及國內第三次無擔保轉換公司債轉換普通股之增資基準日,1140227,6,,,,
2025-03-06,170023,1762,中化生,sii,本公司董事會決議辦理私募發行國內可轉換公司債（包括有擔保或無擔保可轉換公司債）,1140306,7,,,,
2025-03-06,175637,2230,泰茂,otc,公告本公司董事會決議辦理國內第五次無擔保可轉換公司債,1140306,3,,,,
2025-03-06,162436,2243,宏旭-KY,sii,公告董事會決議擬擇一方式一次辦理私募普通股或私募可轉換公司債案,1140306,6,,,,
2025-03-06,185350,3716,中化控股,sii,本公司董事會決議辦理私募發行國內可轉換公司債(包括有擔保或無擔保可轉換公司債）,1140306,7,,,,
2025-03-06,164845,5244,弘凱,sii,公告本公司董事會決議召開114年股東常會相關事宜及國內第一次無擔保轉換公司債停止轉換期間,1140305,6,,,,
2025-03-06,171640,6117,迎廣,sii,公告本公司董事會決議召開股東會事宜及國內轉換公司債停止轉換期間,1140306,2,,,,
2025-03-06,175513,6538,倉和,otc,本公司董事會決議發行國內第一次無擔保轉換公司債,1140226,3,,,,
2025-03-07,155354,2034,允強,sii,公告本公司董事會決議召開114年股東常會及國內無擔保轉換公司債停止轉換期間。,1140307,3,,,,
2025-03-07,211141,4129,聯合,otc,公告本公司董事會決議發行國內第五次無擔保轉換公司債,1140307,5,,,,
2025-03-07,200753,6125,廣運,otc,公告本公司董事會決議召開股東會相關事宜及國內第五次無擔保轉換公司債停止轉換期間,1140307,3,,,,
2025-03-07,193119,6198,瑞築,otc,本公司董事會決議辦理私募普通股或私募國內可轉換公司債案,1140307,3,,,,
2025-03-07,160121,6645,金萬林-創,sii,公告本公司董事會決議召開114年股東常會及國內轉換公司債停止轉換期間,1140307,4,,,,
2025-03-07,174707,6968,萬達寵物,otc,本公司董事會決議辦理私募普通股及/或私募國內轉換公司債,1140306,5,,,,
2025-03-07,185041,8087,麗升能源,otc,公告本公司董事會決議發行國內第二次無擔保轉換公司債,1140307,2,,,,
2025-03-10,134957,2497,怡利電,sii,本公司董事會決議召開民國114年股東常會日期相關事宜及國內轉換公司債停止轉換期間,1140307,1,,,,
2025-03-10,184019,3167,大量,sii,公告本公司董事會決議發行國內第二次無擔保轉換公司債,1140310,5,,,,
2025-03-10,174317,6290,良維,otc,公告本公司董事會決議發行國內第十次無擔保轉換公司債,1140310,4,,,,
2025-03-11,181326,1472,三洋實業,sii,本公司董事會決議發行國內第二次有擔保轉換公司債暨第三次無擔保轉換公司債,1140311,2,,,,
2025-03-11,170829,3188,鑫龍騰,otc,公告本公司董事會決議發行國內第二次及第三次無擔保轉換公司債,1140311,5,,,,
2025-03-11,143626,3483,力致,otc,公告本公司董事會決議113年股東常會通過之「現金增資私募普通股及/或私募海外或國內轉換公司債案」，發行期限將屆滿，屆期則不予辦理。,1140311,1,,,,
2025-03-11,144051,3483,力致,otc,本公司董事會決議辦理私募海外或國內轉換公司債,1140311,3,,,,
2025-03-11,160005,4916,事欣科,sii,公告本公司董事會決議發行國內第五次無擔保轉換公司債,1140307,3,,,,
2025-03-11,150831,6771,平和環保-創,sii,本公司董事會決議發行國內第一次有擔保轉換公司債,1140310,1,,,,
2025-03-12,180110,2066,世德,otc,公告本公司董事會決議通過國內第二次無擔保轉換公司債轉換發行普通股之增資基準日,1140312,2,,,,
2025-03-12,222606,3191,雲嘉南,otc,本公司董事會決議以私募方式辦理國內有擔保可轉換公司債,1140312,8,,,,
2025-03-12,170431,8147,正淩,otc,本公司董事會決議國內第二次無擔保轉換公司債換發普通股、員工認股權憑證轉換普通股之增資基準日,1140312,4,,,,
2025-03-13,123905,3191,雲嘉南,otc,(更正)本公司董事會決議以私募方式辦理國內有擔保可轉換公司債,1140313,1,,,,
2025-03-13,173027,3376,新日興,sii,公告本公司董事會決議召開114年股東常會相關事宜及國內轉換公司債停止轉換期間,1140313,3,,,,
2025-03-13,184628,4566,時碩工業,sii,本公司董事會決議國內第二次無擔保轉換公司債轉換普通股之增資基準日,1140307,3,,,,
2025-03-13,184753,4566,時碩工業,sii,本公司董事會決議國內第三次無擔保轉換公司債轉換普通股之增資基準日,1140307,4,,,,
2025-03-13,182556,4979,華星光,otc,公告本公司董事會決議擬辦理私募普通股或私募國內可轉換公司債案,1140313,2,,,,
2025-03-13,173050,6165,浪凡,sii,公告本公司董事會決議辦理私募國內有擔保可轉換公司債,1140313,6,,,,
2025-03-14,160159,1466,聚隆,sii,董事會決議辦理發行國內第四次有擔保轉換公司債。,1140314,3,,,,
2025-03-14,182806,3059,華晶科,sii,本公司董事會決議辦理私募國內或海外轉換公司債,1140307,2,,,,
2025-03-14,190052,6111,光聚晶電,otc,公告本公司董事會決議召開114年股東常會事宜及國內轉換公司債停止轉換期間,1140314,4,,,,
2025-03-14,193520,8411,福貞-KY,sii,公告本公司董事會決議發行中華民國境內第三次有擔保轉換公司債,1140314,2,,,,
2025-03-21,142137,4555,氣立,sii,補充說明114/03/04董事會決議發行114年國內第四次有擔保轉換公司債相關事宜,1140321,1,,,,
2025-03-21,150657,6873,泓德能源,sii,公告本公司董事會決議發行國內第二次無擔保轉換公司債,1140320,1,,,,
2025-03-25,163051,3543,州巧,sii,公告本公司董事會決議不繼續辦理113年股東會通過之私募普通股或私募國內或海外轉換公司債案,1140314,2,,,,
2025-03-25,170954,6163,華電網,otc,公告本公司董事會決議發行國內第五次無擔保轉換公司債,1140325,1,,,,
2025-03-27,183522,8472,納維康,otc,本公司董事會決議私募國內第一次無擔保轉換公司債定價及其他相關事宜,1140327,2,,,,
2025-03-28,184602,6968,萬達寵物,otc,本公司董事會決議辦理私募普通股及/或私募國內轉換公司債(補充1140307公告),1140328,1,,,,
2025-03-31,180726,6117,迎廣,sii,本公司董事會決議發行國內第二次無擔保轉換公司債,1140331,3,,,,
2025-04-01,143406,6670,復盛應用,sii,公告本公司董事會決議發行國內第二次無擔保轉換公司債,1140401,1,,,,
2025-04-07,165944,7556,意德士科技,otc,公告本公司董事會決議發行國內第一次及第二次無擔保轉換公司債,1140407,2,,,,
2025-04-11,175412,6431,光麗-KY,sii,本公司董事會決議辦理私募國內可轉換公司債,1140411,3,,,,
2025-04-14,142827,4960,誠美材,sii,本公司董事會決議辦理私募國內外可轉換公司債,1140414,3,,,,
2025-04-15,154433,3040,遠見,sii,公告董事會決議發行國內第一次無擔保轉換公司債,1140415,3,,,,
2025-04-16,140124,3551,世禾,otc,本公司董事會決議發行國內第三次無擔保轉換公司債,1140415,2,,,,
2025-04-21,170105,4581,光隆精密-KY,sii,公告本公司董事會決議發行國內第一次無擔保轉換公司債,1140421,1,,,,
2025-04-22,211953,8059,凱碩,otc,補充公告113.12.26.董事會決議行使SPI可轉換公司債轉換權利於今日取得當地主管機關核准函(114.4.22.為行使轉換權基準日),1140422,1,,,,
2025-04-28,211052,1795,美時,sii,公告董事會決議辦理國內現金增資發行普通股及/或現金增資發行普通股參與發行海外存託憑證及/或私募方式發行普通股及/或私募方式發行可轉換公司債案,1140428,10,,,,
2025-04-28,210959,1795,美時,sii,公告董事會決議辦理國內現金增資發行普通股及/或現金增資發行普通股參與發行海外存託憑證及/或私募方式發行普通股及/或私募方式發行可轉換公司債案,1140428,8,,,,
2025-04-28,211032,1795,美時,sii,公告董事會決議辦理國內現金增資發行普通股及/或現金增資發行普通股參與發行海外存託憑證及/或私募方式發行普通股及/或私募方式發行可轉換公司債案,1140428,9,,,,
2025-04-29,232548,5543,桓鼎-KY,otc,本公司董事會決議以私募方式辦理現金增資發行新股或中華民國境內無擔保轉換公司債案,1140429,2,,,,
2025-05-02,164818,3047,訊舟,sii,公告本公司董事會決議向金管會申請撤銷發行國內第八次無擔保轉換公司債,1140502,2,,,,
2025-05-06,183640,4760,勤凱科技,otc,本公司董事會決議通過發行國內第二次無擔保轉換公司債,1140506,3,2,無擔保,:詢價圈購,授權董事長全權處理之。
2025-05-06,164111,6207,雷科,otc,公告本公司董事會決議發行國內第五次及第六次無擔保轉換公司債,1140506,3,,,,
2025-05-07,165125,2314,台揚,sii,本公司董事會決議辦理私募普通股及(或)國內私募無擔保可轉換公司債,1140507,8,,,,
2025-05-08,135952,2641,正德,otc,本公司董事會決議通過發行國內第八次無擔保轉換公司債,1140505,1,,,,
2025-05-08,171611,3059,華晶科,sii,本公司董事會決議停止辦理民國113年股東常會通過之現金增資私募普通股、私募國內或海外轉換公司債,1140505,2,,,,
2025-05-08,192556,3689,湧德,otc,公告本公司董事會決議員工認股權憑證及國內第四次無擔保轉換公司債轉換普通股之增資基準日,1140508,5,,,,
2025-05-08,160535,4555,氣立,sii,本公司董事會決議資本公積發放現金配發基準日及國內有擔保轉換公司債停止轉換期間,1140508,1,,,,
2025-05-08,194233,6692,進能服,otc,公告本公司董事會決議發行國內第一次無擔保轉換公司債(綠色債券),1140508,4,,,,
2025-05-08,161623,8937,合騏*,otc,公告本公司董事會決議通過辦理110年度國內第一次私募有擔保轉換公司債轉換之普通股補辦公開發行暨申請上櫃案,1140508,2,,,,
2025-05-09,160220,2247,汎德永業,sii,本公司董事會決議發行國內第一次無擔保轉換公司債,1140508,2,,,,
2025-05-09,160259,2247,汎德永業,sii,本公司董事會決議發行國內第二次無擔保轉換公司債,1140508,3,,,,
2025-05-09,165503,4442,竣邦-KY,otc,公告本公司董事會決議發行中華民國境內第一次無擔保轉換公司債,1140509,3,,,,
2025-05-09,110519,4555,氣立,sii,本公司董事會決議資本公積發放現金配發基準日及國內有擔保轉換公司債停止轉換期間(更正事實發生日),1140509,3,,,,
2025-05-09,164609,6128,上福,sii,公告本公司董事會決議發行國內第一次無擔保轉換公司債,1140509,4,,,,
2025-05-09,163337,6198,瑞築,otc,本公司董事會決議新增私募普通股或私募國內可轉換公司債之應募人名單,1140509,2,,,,
2025-05-09,161033,6982,大井泵浦,otc,本公司董事會決議發行國內第一次及第二次無擔保轉換公司債,1140509,2,,,,
2025-05-09,184731,8431,匯鑽科,otc,本公司董事會決議發行國內第二次無擔保轉換公司債,1140509,2,,,,
2025-05-09,173146,9939,宏全,sii,本公司董事會決議國內第二次無擔保轉換公司債114年第1季轉換普通股之發行新股基準日,1140509,6,,,,
2025-05-12,171126,2109,華豐,sii,本公司董事會決議發行國內第二次無擔保轉換公司債。,1140512,2,,,,
2025-05-12,184129,4123,晟德,otc,公告本公司董事會決議變更國內第六次有擔保轉換公司債暨國內第七次無擔保轉換公司債資金運用計劃,1140512,3,"6,7",有擔保,none,
2025-05-12,230411,4414,如興,sii,本公司董事會決議辦理114年私募國內無擔保可轉換公司債案,1140512,5,,,,
2025-05-12,141325,6821,聯寶,otc,公告本公司董事會決議發行國內第一次無擔保轉換公司債(綠色債券),1140512,2,,,,
2025-05-13,174532,2066,世德,otc,公告本公司董事會決議通過國內第二次無擔保轉換公司債轉換發行普通股之增資基準日,1140513,3,,,,
2025-05-13,220321,2236,百達-KY,sii,公告本公司董事會決議發行國內第三次無擔保轉換公司債,1140513,9,,,,
2025-05-13,171004,3191,雲嘉南,otc,本公司董事會決議不繼續辦理113年度私募普通股及國內有擔保可轉換公司債。,1140513,2,,,,
2025-05-13,170726,3494,誠研,sii,本公司董事會決議擬辦理私募普通股、私募國內有擔保可轉換公司債,1140513,6,,,,
2025-05-14,145505,2743,山富,otc,公告董事會決議發行國內第一次無擔保轉換公司債,1140508,1,,,,
2025-05-14,175011,4566,時碩工業,sii,本公司董事會決議國內第三次無擔保轉換公司債轉換普通股之增資基準日,1140507,5,,,,
2025-05-14,185840,6472,保瑞,sii,公告本公司董事會決議員工認股權憑證及國內第三次無擔保轉換公司債轉換普通股之增資基準日,1140507,2,,,,
2025-05-15,225257,6179,亞通,otc,公告本公司董事會決議變更國內第四次無擔保轉換公司債資金運用計劃,1140515,2,,,,
2025-05-28,170947,6191,精成科,sii,公告本公司董事會決議發行國內第二次無擔保轉換公司債,1140528,3,,,,
2025-06-10,182533,4438,廣越,sii,本公司董事會決議發行國內第三次無擔保轉換公司債,1140610,3,,,,
2025-06-11,174830,3707,漢磊,otc,公告本公司董事會決議發行國內第五次無擔保轉換公司債,1140609,1,,,,
2025-06-13,173532,3526,凡甲,otc,公告本公司董事會決議發行國內第七次無擔保轉換公司債,1140613,2,,,,
2025-06-26,195324,1474,弘裕,sii,公告本公司董事會決議現金股利除息基準日及國內無擔保轉換公司債之停止轉換事宜,1140626,2,,,,
2025-06-26,165842,4113,聯上,otc,董事會決議通過發行國內第五次有擔保轉換公司債,1140626,1,,,,
2025-06-26,170011,4113,聯上,otc,董事會決議通過發行國內第六次無擔保轉換公司債,1140626,2,,,,
2025-07-04,153215,4722,國精化,sii,本公司董事會決議發行國內第三次無擔保轉換公司債,1140704,1,3,無擔保,:詢價圈購,富邦綜合證券股份有限公司
2025-07-10,232828,3207,耀勝,otc,公告本公司董事會決議通過國內第一次無擔保轉換公司債轉換發行普通股之增資基準日,1140710,2,,,,
2025-07-10,134153,4168,醣聯,otc,公告本公司董事會決議辦理發行國內第四次有擔保轉換公司債,1140710,2,,,,
2025-07-14,143548,8299,群聯,otc,公告本公司董事會決議發行國內第三次無擔保轉換公司債,1140708,1,,,,
2025-07-18,175105,2883,凱基金,sii,代子公司開發資本所屬GM公告董事會決議認購ConnexiumHoldings、ConnexiumInvestments發行之可轉換公司債,1140718,1,,,,
2025-07-21,172805,4438,廣越,sii,本公司114年6月10日董事會決議發行國內第三次無擔保轉換公司債(補充公告發行價格及承銷方式),1140721,2,,,,
2025-07-24,175223,5439,高技,otc,公告董事會決議發行國內第一次無擔保可轉換公司債,1140724,1,,,,
2025-07-24,164022,8044,網家,otc,代本公司日本子公司二十一世紀金融科技株式會社公告董事會決議辦理私募無擔保可轉換公司債,1140724,2,,,,
2025-07-29,175013,6510,精測,otc,公告本公司董事會決議發行國內第一次無擔保轉換公司債,1140729,2,,,,
2025-07-29,174950,6957,裕慶-KY,sii,公告本公司董事會決議中華民國境內第一次無擔保轉換公司債,1140729,1,,,,
2025-07-31,172335,1256,鮮活果汁-KY,sii,本公司董事會決議發行中華民國境內第一次無擔保轉換公司債,1140731,2,,,,
2025-07-31,183714,6576,逸達,otc,公告本公司董事會決議發行114年國內第一次有擔保轉換公司債,1140731,2,,,,
2025-08-04,160920,4772,台特化,otc,公告本公司董事會決議發行國內第一次無擔保轉換公司債,1140729,2,,,,
2025-08-05,175015,4760,勤凱科技,otc,本公司董事會決議通過變更發行國內第二次無擔保轉換公司債總面額案,1140805,4,2,無擔保,:詢價圈購,授權董事長全權處理之。
2025-08-06,151320,2402,毅嘉,sii,本公司董事會決議發行國內第三次無擔保可轉換公司債,1140805,2,,,,
2025-08-07,182712,3434,哲固,otc,公告本公司董事會決議訂定除權息基準日及國內轉換公司債停止轉換期間,1140807,1,,,,
2025-08-07,150637,6477,安集,sii,公告本公司董事會決議發行國內第五次無擔保轉換公司債(修正113年11月7日之決議)。,1140807,3,,,,
2025-08-07,152355,6552,易華電,sii,公告本公司董事會決議除息基準日暨國內轉換公司債停止轉換期間,1140805,2,,,,
2025-08-08,153526,3346,麗清,sii,公告本公司董事會決議除息基準日及轉換公司債停止轉換期間,1140808,2,,,,
2025-08-08,182252,6219,富旺,otc,本公司董事會決議發行國內第四次有擔保轉換公司債,1140808,3,,,,
2025-08-08,204351,6472,保瑞,sii,公告本公司董事會決議員工認股權憑證及國內第三次無擔保轉換公司債轉換普通股之增資基準日,1140805,2,,,,
2025-08-08,171431,7713,威力德生醫,otc,公告本公司董事會決議發行國內第一次無擔保轉換公司債,1140808,3,,,,
2025-08-11,170114,5201,凱衛,otc,公告本公司董事會決議發行國內第一次有擔保轉換公司債,1140811,4,,,,
2025-08-11,175023,8042,金山電,otc,公告本公司董事會決議發行國內第六次無擔保轉換公司債,1140811,2,,,,
2025-08-12,144419,2382,廣達,sii,本公司董事會決議發行海外第五次無擔保轉換公司債,1140811,2,,,,
2025-08-12,191501,2753,八方雲集,sii,公告本公司董事會決議發行國內第一次暨第二次無擔保轉換公司債,1140812,3,,,,
2025-08-12,161017,4123,晟德,otc,本公司董事會決議除權除息基準日、調整配股配息率暨可轉換公司債停止轉換期間公告,1140812,4,,,none,
2025-08-12,165850,6190,萬泰科,otc,公告本公司董事會決議發行國內第七次無擔保轉換公司債,1140812,2,,,,
2025-08-12,144701,6209,今國光,sii,公告本公司董事會決議發行國內第三次有擔保轉換公司債,1140725,1,,,,
2025-08-12,162549,6904,伯鑫,otc,公告本公司董事會決議擬發行國內第一次無擔保轉換公司債,1140808,2,,,,
2025-08-13,141908,1514,亞力,sii,公告本公司董事會決議除權息基準日暨國內第二次轉換公司債停止轉換期間,1140813,1,,,,
2025-08-13,194858,3543,州巧,sii,公告本公司董事會決議發行國內第一次有擔保轉換公司債,1140813,6,,,,
2025-08-13,134921,3687,歐買尬,otc,本公司董事會決議發行國內第二次及第三次無擔保轉換公司債,1140813,1,,,,
2025-08-13,173838,6274,台燿,otc,本公司董事會決議發行國內第五次無擔保轉換公司債,1140813,6,,,,
2025-08-14,181019,2317,鴻海,sii,本公司董事會決議發行一百一十四年度海外第一次無擔保轉換公司債,1140814,2,,,,
2025-08-19,161601,8104,錸寶,sii,公告本公司董事會決議現金增資認股基準日及國內第二次無擔保轉換公司債停止轉換事宜,1140819,2,,,,
2025-08-20,133400,3665,貿聯-KY,sii,本公司董事會決議發行第六次海外無擔保轉換公司債,1140819,2,,,,
2025-08-26,153403,6414,樺漢,sii,本公司董事會決議於110年所發行之國內第一次私募無擔保轉換公司債，補辦公開發行為本公司國內第六次無擔保轉換公司債,1140826,1,,,,
2025-08-27,182641,3037,欣興,sii,公告本公司董事會決議發行國內第一次無擔保可轉換公司債,1140827,2,,,,
2025-08-29,170104,2314,台揚,sii,更正公開資訊觀測站私募專區可轉換公司債董事會決議日起兩日內應申報相關資訊之應募人是否為策略性投資人及應募人選擇目的,1140829,2,,,,
2025-09-04,163106,2368,金像電,sii,公告董事會決議發行國內第三次無擔保可轉換公司債,1140902,1,,,,
2025-09-04,135559,3684,榮昌,otc,本公司(榮昌科技)董事會決議發行國內第一次無擔保轉換公司債,1140904,2,,,,
2025-09-10,143550,3231,緯創,sii,董事會決議發行第三次海外無擔保可轉換公司債,1140910,1,,,,
2025-09-17,150256,5309,系統電,otc,本公司董事會決議通過發行國內第六次無擔保轉換公司債暨國內第七次無擔保轉換公司債,1140917,2,,,,
2025-09-17,154822,6576,逸達,otc,公告本公司董事會決議調整發行114年國內第一次有擔保轉換公司債,1140917,2,,,,
2025-09-18,161426,1438,三地開發,sii,公告本公司董事會決議民國113年現金增資暨國內第一次有擔保轉換公司債資金運用計劃變更案,1140918,1,,,,
2025-09-24,221230,6796,晉弘,sii,本公司董事會決議發行國內第二次無擔保轉換公司債,1140924,2,,,,
2025-09-25,135556,6862,三集瑞-KY,sii,公告本公司董事會決議辦理發行國內第1次無擔保轉換公司債,1140925,2,,,,
2025-09-26,145451,8155,博智,otc,公告本公司董事會決議變更113年度現金增資發行新股暨國內第一次無擔保轉換公司債資金用途,1140926,1,1,無擔保,none,
2025-10-02,205114,6179,亞通,otc,公告本公司董事會決議變更國內第四次無擔保轉換公司債資金運用計劃,1141002,2,,,,
2025-10-03,173644,3701,大眾控,sii,董事會決議本公司發行國內第三次無擔保轉換公司債,1141003,2,,,,
2025-10-03,141326,6890,來億-KY,sii,公告本公司董事會決議發行中華民國境內第一次暨第二次無擔保轉換公司債,1141003,2,,,,
2025-10-03,182210,7781,昕力資*,rotc,公告本公司董事會決議辦理私募國內可轉換公司債,1141003,3,,,,
2025-10-07,160629,6442,光聖,sii,公告本公司董事會決議發行國內第二次無擔保轉換公司債,1141007,1,,,,
2025-10-07,160657,6442,光聖,sii,公告本公司董事會決議發行國內第三次無擔保轉換公司債,1141007,2,,,,
2025-10-15,153929,4739,康普,sii,公告本公司董事會決議發行國內第四次有擔保轉換公司債,1141015,2,,,,
2025-10-16,155421,2732,六角,otc,公告本公司董事會決議發行國內第四次無擔保轉換公司債,1141016,1,,,,
2025-10-20,191019,5543,桓鼎-KY,otc,公告本公司董事會決議中華民國境內第一次私募無擔保轉換公司債定價暨發行相關事宜,1141020,6,,,,
2025-10-22,184447,3135,凌航,sii,公告本公司董事會決議發行國內第一次無擔保可轉換公司債,1141022,1,1,無擔保,:詢價圈購,統一綜合證券股份有限公司
2025-10-23,153326,3290,東浦,otc,公告本公司董事會決議發行國內第四次暨第五次無擔保轉換公司債,1141023,3,,,,
2025-10-27,184205,3715,定穎投控,sii,本公司董事會決議發行國內第一次無擔保轉換公司債,1141027,2,,,,
2025-10-27,184245,3715,定穎投控,sii,本公司董事會決議發行國內第二次無擔保轉換公司債,1141027,3,,,,
2025-10-29,133209,2301,光寶科,sii,公告本公司董事會決議發行國內第一次無擔保轉換公司債,1141021,1,,,,
2025-10-29,133247,2301,光寶科,sii,公告本公司董事會決議發行國內第二次無擔保轉換公司債,1141021,2,,,,
2025-10-29,164145,2329,華泰,sii,公告本公司董事會決議通過發行國內第一次無擔保轉換公司債,1141029,5,,,,
2025-10-29,180024,8039,台虹,sii,公告本公司董事會決議海外第一次無擔保可轉換公司債換發新股增資基準日,1141029,4,,,,
2025-10-30,170245,2455,全新,sii,公告本公司董事會決議發行國內第二次無擔保轉換公司債,1141030,2,,,,
2025-10-30,170341,2455,全新,sii,公告本公司董事會決議發行國內第三次無擔保轉換公司債,1141030,3,,,,
2025-11-03,195150,5543,桓鼎-KY,otc,公告本公司董事會決議中華民國境內第一次私募無擔保轉換公司債定價暨發行相關事宜(補充說明114/10/20公告),1141103,4,,,,
2025-11-04,133011,6111,光聚晶電,otc,公告本公司董事會決議召開114年第一次股東臨時會事宜及國內轉換公司債停止轉換期間,1141104,1,,,,
2025-11-05,161624,2233,宇隆,sii,公告本公司董事會決議發行國內第一次無擔保轉換公司債,1141105,3,,,,
2025-11-05,144045,8422,可寧衛*,sii,公告本公司董事會決議通過修訂「國內第一次無擔保轉換公司債發行及轉換辦法」,1141103,7,1,無擔保,none,
2025-11-05,144153,8422,可寧衛*,sii,公告本公司董事會決議通過修訂「國內第二次無擔保轉換公司債發行及轉換辦法」,1141103,9,2,無擔保,none,
2025-11-06,152914,3689,湧德,otc,公告本公司董事會決議員工認股權憑證及國內第四次無擔保轉換公司債轉換普通股之增資基準日,1141106,2,,,,
2025-11-06,172352,6547,高端疫苗,otc,本公司董事會決議發行國內第二次有擔保轉換公司債,1141105,15,,,,
2025-11-06,182317,6547,高端疫苗,otc,董事會決議通過變更111年度現金增資發行新股暨國內第一次無擔保轉換公司債資金運用計畫,1141106,7,,,,
2025-11-07,152948,2467,志聖,sii,本公司董事會決議通過發行國內第二次無擔保轉換公司債暨國內第三次無擔保轉換公司債,1141107,3,,,,
2025-11-07,174454,6669,緯穎,sii,董事會決議發行第二次海外無擔保可轉換公司債,1141105,2,,,,
2025-11-07,143855,6672,騰輝電子-KY,sii,董事會決議擬發行中華民國境內第一次無擔保轉換公司債,1141030,1,,,,
2025-11-07,144012,6672,騰輝電子-KY,sii,董事會決議擬發行中華民國境內第二次無擔保轉換公司債,1141030,2,,,,
2025-11-07,151823,8021,尖點,sii,公告本公司董事會決議發行國內第二次無擔保轉換公司債,1141105,4,2,無擔保,:公開競標,授權董事長全權處理之。
2025-11-10,154547,2745,五福,otc,公告本公司董事會決議發行國內第一次無擔保轉換公司債,1141110,3,,,,
2025-11-10,174900,3706,神達,sii,本公司董事會決議發行海外第一次無擔保轉換公司債,1141110,5,,,,
2025-11-10,205704,6128,上福,sii,公告本公司董事會決議取消發行國內第一次無擔保轉換公司債,1141110,5,,,,
2025-11-10,152410,6913,鴻呈,otc,公告本公司董事會決議發行國內第一次無擔保轉換公司債,1141110,4,,,,
2025-11-11,161711,5534,長虹,sii,本公司董事會決議通過發行國內第四次無擔保可轉換公司債,1141111,3,,,,
2025-11-11,193421,6603,富強鑫,otc,本公司董事會決議辦理發行國內第四次無擔保轉換公司債,1141111,8,4,無擔保,:詢價圈購,統一綜合證券股份有限公司。
2025-11-11,140419,8111,立碁,otc,本公司董事會決議發行國內第四次無擔保轉換公司債,1141107,1,4,無擔保,:詢價圈購,群益金鼎證券股份有限公司
2025-11-12,192000,2324,仁寶,sii,本公司董事會決議發行海外第五次無擔保轉換公司債,1141112,5,,,,
2025-11-12,163251,3260,威剛,otc,公告本公司董事會決議發行國內第八次無擔保轉換公司債,1141111,3,8,無擔保,:詢價圈購,群益金鼎證券股份有限公司
2025-11-12,170744,8476,台境*,sii,本公司董事會決議發行國內第二次無擔保轉換公司債,1141112,4,,,,
2025-11-13,144746,3188,鑫龍騰,otc,公告本公司董事會決議擬買回國內第二次無擔保轉換公司債,1141113,2,,,,
2025-11-13,165513,3717,聯嘉投控,sii,公告本公司董事會決議辦理發行國內第一次有擔保轉換公司債,1141113,5,,,,
2025-11-13,182151,4566,時碩工業,sii,本公司董事會決議國內第三次無擔保轉換公司債轉換普通股之增資基準日,1141110,2,,,,
2025-11-13,155612,6101,寬魚國際,otc,公告本公司董事會決議發行國內第一次有擔保轉換公司債暨國內第二次無擔保轉換公司債,1141113,2,,,,
2025-11-13,170214,6472,保瑞,sii,公告董事會決議發行本公司國內第四次暨第五次無擔保可轉換公司債,1141113,3,,,,
2025-11-13,164509,8467,波力-KY,sii,董事會決議擬發行中華民國境內第四次有擔保轉換公司債,1141113,3,,,,
2025-11-13,165516,8467,波力-KY,sii,董事會決議擬發行中華民國境內第五次無擔保轉換公司債,1141113,4,,,,
2025-11-14,155821,2376,技嘉,sii,公告本公司董事會決議發行海外第五次無擔保轉換公司債,1141114,3,,,,
2025-11-14,171159,3717,聯嘉投控,sii,(更正)公告本公司董事會決議辦理發行國內第一次有擔保轉換公司債,1141114,1,,,,
2025-11-14,214400,8431,匯鑽科,otc,本公司董事會決議發行國內第二次無擔保轉換公司債,1141114,4,,,,
2025-11-17,153031,6101,寬魚國際,otc,更正114/11/13公告本公司董事會決議發行國內第一次有擔保轉換公司債暨國內第二次無擔保轉換公司債,1141117,1,,,,
2025-11-17,163242,8431,匯鑽科,otc,補充說明︰本公司董事會決議發行國內第二次無擔保轉換公司債,1141117,1,,,,
2025-11-21,161620,6199,天品,otc,公告本公司董事會決議發行國內第三次有擔保轉換公司債暨國內第四次無擔保轉換公司債,1141121,4,,,,
2025-11-22,110040,3149,正達,sii,本公司董事會決議發行國內第四次有擔保轉換公司債,1141120,2,4,有擔保,:公開競標,未定
2025-11-24,150428,6199,天品,otc,更正114/11/21公告本公司董事會決議發行國內第三次有擔保轉換公司債暨國內第四次無擔保轉換公司債(更正無擔保轉換公司債發行總面額),1141124,1,,,,
2025-11-26,160659,2745,五福,otc,公告本公司董事會決議發行國內第一次無擔保轉換公司債(更正面額),1141126,1,,,,
2025-11-26,164732,3011,今皓,sii,本公司董事會決議辦理發行國內第二次有擔保轉換公司債案,1141118,1,,,,
2025-11-27,141133,4967,十銓,sii,公告本公司董事會決議發行國內第四次有擔保轉換公司債,1141127,1,4,有擔保,:公開競標,永豐金證券股份有限公司
2025-12-04,152719,6472,保瑞,sii,公告本公司董事會決議員工認股權憑證及國內第三次無擔保轉換公司債轉換普通股之增資基準日,1141202,1,,,,
2025-12-05,161715,4714,永捷,otc,本公司董事會決議發行國內第八次有擔保可轉換公司債,1141205,1,8,有擔保,:公開競標,元富證券股份有限公司
2025-12-10,143245,1727,中華化,sii,公告本公司董事會決議發行國內第二次無擔保轉換公司債,1141209,1,2,無擔保,:詢價圈購,富邦綜合證券股份有限公司
2025-12-10,163417,6515,穎崴,sii,本公司董事會決議發行國內第二次無擔保轉換公司債,1141210,1,,,,
2025-12-11,143339,2374,佳能,sii,本公司董事會決議發行國內第二次無擔保轉換公司債,1141211,2,,,,
2025-12-11,163501,4923,力士,otc,公告本公司董事會決議發行國內第一次無擔保轉換公司債,1141211,1,,,,
2025-12-11,141958,6894,衛司特,otc,公告本公司董事會決議發行國內第一次無擔保轉換公司債,1141210,1,,,,
2025-12-12,161252,3294,英濟,otc,本公司董事會決議發行國內第三次有擔保轉換公司債,1141212,2,3,有擔保,:公開競標,台新綜合證券股份有限公司
2025-12-17,185351,3324,雙鴻,otc,本公司董事會決議發行國內第六次及第七次無擔保轉換公司債,1141217,1,,,,
2025-12-19,180136,6576,逸達,otc,補充說明114/07/31董事會決議發行114年國內第一次有擔保轉換公司債相關事宜,1141219,1,,,,
2025-12-19,201145,6807,峰源-KY,sii,董事會決議取消發行中華民國境內第一次無擔保轉換公司債,1141219,2,,,,
2025-12-22,175535,3605,宏致,sii,公告本公司董事會決議通過發行國內第四次無擔保轉換公司債,1141219,4,4,無擔保,:詢價圈購,凱基證券股份有限公司
2026-01-07,181536,3711,日月光投控,sii,代子公司環旭電子(股)公司公告董事會決議提前贖回無擔保可轉換公司債券,1150107,2,,,,
2026-01-23,62913,6111,光聚晶電,otc,公告本公司董事會決議通過更名全面換發有價證券(轉換公司債)相關事宜,1150122,4,,,,
2026-01-27,190110,4927,泰鼎-KY,sii,公告本公司董事會決議不繼續辦理114年股東會通過現金增資發行普通股及/或現金增資私募普通股及/或私募海外或國內轉換公司債案,1150127,1,,,,
2026-02-10,181506,2344,華邦電,sii,本公司董事會決議發行海外第四次無擔保轉換公司債,1150210,6,,,,
2026-02-24,163038,8215,明基材,sii,本公司董事會決議辦理私募海外或國內轉換公司債,1150206,4,,,,
2026-02-24,155620,8438,昶昕,sii,公告本公司董事會決議發行國內第一次無擔保轉換公司債,1150223,1,1,無擔保,:公開競標,台新綜合證券股份有限公司
2026-02-25,185158,3689,湧德,otc,公告本公司董事會決議員工認股權憑證及國內第四次無擔保轉換公司債轉換普通股之增資基準日,1150225,6,,,,
2026-02-25,165026,8271,宇瞻,sii,本公司董事會決議發行國內第一次無擔保轉換公司債,1150225,3,1,無擔保,:公開競標,凱基證券股份有限公司
2026-02-26,144636,1436,華友聯,sii,公告本公司董事會決議召開115年股東常會相關事宜及國內轉換公司債停止轉換期間,1150226,3,,,,
2026-02-26,194328,5289,宜鼎,otc,公告本公司董事會決議通過發行國內第二次無擔保轉換公司債,1150226,5,2,無擔保,:公開競標,凱基證券股份有限公司
2026-02-26,181540,6469,大樹,otc,本公司董事會決議辦理私募國內無擔保可轉換公司債,1150226,7,,,,
2026-03-02,171808,3376,新日興,sii,公告本公司董事會決議召開115年股東常會相關事宜及國內轉換公司債停止轉換期間,1150302,2,,,,
2026-03-02,210719,4116,明基醫,otc,本公司董事會決議辦理私募海外或國內轉換公司債,1150302,3,,,,
2026-03-02,165957,4760,勤凱科技,otc,本公司董事會決議通過變更國內第二次無擔保轉換公司債資金用途及發行條件,1150302,3,2,無擔保,:詢價圈購,富邦綜合證券股份有限公司。
2026-03-02,212803,6111,光聚晶電,otc,公告本公司董事會決議召開115年股東常會事宜及國內轉換公司債停止轉換期間,1150302,2,,,,
2026-03-02,165820,6568,宏觀,otc,公告本公司董事會決議終止民國114年股東會通過之「公開募集發行普通股，或發行新股參與海外存託憑證，或私募方式發行普通股、或海外或國內可轉換公司債」案,1150224,6,,,,
2026-03-02,170005,6568,宏觀,otc,公告本公司董事會決議擬辦理私募發行海外或國內可轉換公司債,1150224,8,,,,
2026-03-03,183540,4123,晟德,otc,本公司董事會決議發行國內第八次無擔保轉換公司債暨第九次無擔保轉換公司債,1150303,5,"8,9",無擔保,none,元富證券股份有限公司。
2026-03-03,161651,6198,瑞築,otc,本公司董事會決議114年6月26日股東常會通過之私募普通股或國內可轉換公司債案屆期不再辦理,1150303,2,,,,
2026-03-03,161716,6198,瑞築,otc,本公司董事會決議辦理私募普通股或私募國內可轉換公司債案,1150303,3,,,,
2026-03-03,181339,6643,M31,otc,本公司董事會決議辦理私募國內或海外轉換公司債,1150303,5,,,,
2026-03-04,200742,6125,廣運,otc,公告本公司董事會決議召開股東會相關事宜及國內第五次無擔保轉換公司債停止轉換期間,1150303,1,,,,
2026-03-04,180314,6205,詮欣,sii,公告本公司董事會決議114年05月28日股東常會通過之私募普通股及(或)無擔保可轉換公司債，剩餘私募股數額度不再繼續辦理,1150304,6,,,,
2026-03-04,182754,6205,詮欣,sii,公告本公司董事會決議辦理私募無擔保可轉換公司債,1150304,8,,,,
2026-03-05,161454,1762,中化生,sii,本公司董事會決議辦理私募發行國內可轉換公司債（包括有擔保或無擔保可轉換公司債）,1150305,5,,,,
2026-03-05,190216,3716,中化控股,sii,本公司董事會決議辦理私募發行國內可轉換公司債(包括有擔保或無擔保可轉換公司債）,1150305,4,,,,
2026-03-05,175708,4979,華星光,otc,公告本公司董事會決議不繼續辦114年度股東常會通過之私募普通股或私募國內可轉換公司債案,1150304,2,,,,
2026-03-05,175737,4979,華星光,otc,公告本公司董事會決議擬辦理私募普通股或私募國內可轉換公司債案,1150304,3,,,,
2026-03-05,201837,6231,系微,otc,公告本公司董事會決議擬以私募方式辦理本公司115年度第1次國內無擔保可轉換公司債。,1150305,6,,,,
2026-03-05,174640,6645,金萬林-創,sii,公告本公司董事會決議召開115年股東常會及國內轉換公司債停止轉換期間,1150305,6,,,,
2026-03-05,175620,7610,聯友金屬-創,sii,公告董事會決議發行本公司國內第一次無擔保可轉換公司債,1150305,6,1,無擔保,:詢價圈購,:福邦證券股份有限公司
2026-03-06,171031,3483,力致,otc,公告本公司董事會決議114年股東常會通過之「現金增資私募普通股及/或私募海外或國內轉換公司債案」，發行期限將屆滿，屆期則不予辦理。,1150306,3,,,,
2026-03-06,171733,3483,力致,otc,本公司董事會決議辦理私募海外或國內轉換公司債,1150306,5,,,,
2026-03-06,134305,4931,新盛力,otc,本公司董事會決議發行國內第一次無擔保轉換公司債,1150305,9,1,無擔保,:公開競標,台新綜合證券股份有限公司
2026-03-06,192237,6968,萬達寵物,otc,本公司董事會決議辦理私募普通股及/或私募國內轉換公司債,1150305,5,,,,
2026-03-06,170640,8074,鉅橡,otc,公告本公司董事會決議發行國內第六次有擔保轉換公司債,1150306,4,6,有擔保,:公開競標,授權董事長全權處理之。
2026-03-09,172334,4722,國精化,sii,本公司董事會決議發行國內第四次無擔保轉換公司債,1150309,5,4,無擔保,:詢價圈購,華南永昌綜合證券股份有限公司
2026-03-09,172401,4722,國精化,sii,本公司董事會決議辦理私募普通股或私募國內可轉換公司債(含有擔保或無擔保),1150309,6,,有擔保,none,
2026-03-09,153146,6803,崑鼎,otc,董事會決議發行國內第二次無擔保轉換公司債,1150226,1,2,無擔保,:公開競標,國泰綜合證券股份有限公司
2026-03-09,133948,8222,寶一,sii,公告本公司董事會決議辦理發行國內第一次有擔保轉換公司債,1150306,3,1,有擔保,:公開競標,授權董事長全權處理。
2026-03-10,181829,6158,禾昌,otc,公告本公司董事會決議辦理私募無擔保可轉換公司債,1150310,4,,,,
2026-03-10,184141,6269,台郡,sii,公告本公司董事會決議終止114年股東會通過之「公開募集發行普通股，或發行新股參與海外存託憑證，或私募方式發行普通股、或海外或國內可轉換公司債」案,1150309,2,,,,
2026-03-10,184328,6269,台郡,sii,公告本公司董事會決議擬辦理私募發行海外或國內可轉換公司債,1150309,5,,,,
2026-03-11,141930,1295,生合,otc,公告本公司董事會決議發行國內第一次無擔保轉換公司債,1150311,4,1,無擔保,:公開競標,台新綜合證券股份有限公司
2026-03-11,180359,2034,允強,sii,公告本公司董事會決議召開115年股東常會及國內無擔保轉換公司債停止轉換期間。,1150311,3,,,,
2026-03-11,184818,2314,台揚,sii,本公司董事會決議辦理私募普通股及(或)國內私募無擔保可轉換公司債,1150311,4,,,,
2026-03-11,182835,3059,華晶科,sii,本公司董事會決議辦理私募國內或海外轉換公司債,1150305,3,,,,
2026-03-11,180047,3135,凌航,sii,公告本公司董事會決議發行國內第二次無擔保可轉換公司債,1150311,4,2,無擔保,:詢價圈購,統一綜合證券股份有限公司
2026-03-11,160649,3430,奇鈦科,otc,本公司董事會決議擬辦理私募普通股及(或)私募國內可轉換公司債,1150311,2,,,,
2026-03-11,205926,4503,金雨,otc,公告本公司董事會決議辦理發行國內第一次有擔保轉換公司債,1150311,10,1,有擔保,:公開競標,元大證券股份有限公司。
2026-03-11,152436,4749,新應材,otc,公告本公司董事會決議辦理發行國內第一次無擔保轉換公司債案,1150311,4,1,無擔保,:公開競標,兆豐證券股份有限公司
2026-03-11,164115,5284,jpp-KY,sii,本公司董事會決議發行中華民國境內第四次無擔保轉換公司債,1150311,2,4,無擔保,:詢價圈購,凱基證券股份有限公司
2026-03-11,164152,5284,jpp-KY,sii,本公司董事會決議發行中華民國境內第五次無擔保轉換公司債,1150311,3,5,無擔保,:詢價圈購,凱基證券股份有限公司
2026-03-11,173003,5284,jpp-KY,sii,本公司董事會決議發行中華民國境內第五次無擔保轉換公司債(修正承銷方式為競價拍賣),1150311,7,5,無擔保,:公開競標,凱基證券股份有限公司
2026-03-11,175258,5464,霖宏,otc,本公司董事會決議發行國內第二次有擔保轉換公司債,1150311,4,2,有擔保,:公開競標,群益金鼎證券股份有限公司
2026-03-11,150313,6239,力成,sii,公告董事會決議終止本公司114年股東常會通過之「辦理現金增資發行普通股參與發行海外存託憑證，及/或現金增資發行普通股、私募普通股，及/或私募、發行海外或國內轉換公司債案」,1150305,3,,,,
2026-03-11,153850,6239,力成,sii,本公司董事會決議辦理私募海外或國內公司債(普通公司債、轉換公司債),1150305,6,,,,
2026-03-11,153956,6239,力成,sii,本公司董事會決議辦理海外或國內公司債(普通公司債、轉換公司債),1150305,7,,,,
2026-03-11,144005,6933,AMAX-KY,sii,公告本公司董事會決議擬辦理私募發行海外或國內可轉換公司債,1150305,10,,,,
2026-03-11,143157,6933,AMAX-KY,sii,公告本公司董事會決議擬辦理公開募集發行普通股或公開發行國內外可轉換公司債案,1150305,7,,,,
2026-03-11,174434,8119,公信,rotc,公告本公司董事會決議不繼續辦理114年度私募發行普通股或私募國內可轉換公司債案,1150311,4,,,,
2026-03-11,165104,8462,柏文,sii,公告本公司董事會決議發行國內第四次無擔保轉換公司債,1150311,2,4,無擔保,:詢價圈購,永豐金證券股份有限公司
2026-03-12,175756,6165,浪凡,sii,公告本公司董事會決議114年度股東常會通過之私募發行普通股及國內有擔保可轉換公司債，於剩餘期間內擬不予辦理。,1150311,4,,,,
2026-03-12,180240,6165,浪凡,sii,公告本公司董事會決議辦理私募國內有擔保可轉換公司債,1150311,6,,,,
2026-03-12,204206,8444,綠河-KY,otc,公告本公司董事會決議辦理私募國內無擔保轉換公司債,1150312,5,,,,
2026-03-13,160150,1717,長興,sii,本公司董事會決議發行國內第二次無擔保轉換公司債,1150313,6,2,無擔保,:公開競標,台新綜合證券股份有限公司。
2026-03-13,173241,3494,誠研,sii,本公司董事會決議擬辦理私募普通股、私募國內有擔保可轉換公司債,1150313,5,,,,
2026-03-13,172759,4764,雙鍵,sii,公告本公司董事會決議發行國內第二次有擔保轉換公司債,1150313,4,2,有擔保,:公開競標,凱基證券股份有限公司
2026-03-13,184836,4927,泰鼎-KY,sii,公告本公司董事會決議辦理私募國內轉換公司債,1150312,8,,,,
2026-03-13,153645,7738,東聯互動,otc,公告本公司董事會決議發行國內第一次無擔保轉換公司債,1150313,4,1,無擔保,none,永豐金證券股份有限公司
2026-03-13,173307,8442,威宏-KY,sii,公告本公司董事會決議辦理發行中華民國境內第三次有擔保轉換公司債及中華民國境內第四次無擔保轉換公司債,1150313,4,"3,4",有擔保,none,委託證券承銷商以競價拍賣方式對外公開承銷
2026-03-20,154404,3149,正達,sii,董事會決議發行國內第四次有擔保轉換公司債,1150318,2,4,有擔保,:公開競標,授權董事長全權處理
2026-03-25,140254,4722,國精化,sii,更正公開資訊觀測站私募專區可轉換公司債董事會決議日起兩日內應申報相關資訊,1150325,2,,,none,
2026-03-31,203715,1271,晨暉生技,rotc,公告本公司董事會決議不繼續辦理民國114年第一次股東臨時會通過之私募普通股或私募國內可轉換公司債案,1150331,1,,,,
2026-04-07,173433,6546,正基,otc,本公司董事會決議發行國內第二次及第三次無擔保轉換公司債,1150407,1,"2,3",無擔保,none,凱基證券股份有限公司
2026-04-08,171905,6223,旺矽,otc,公告本公司董事會決議發行國內第六次無擔保轉換公司債,1150408,1,6,無擔保,none,凱基證券股份有限公司
2026-04-08,143044,8299,群聯,otc,本公司董事會決議發行海外第一次無擔保轉換公司債,1150402,1,,,,
2026-04-09,180649,1570,力肯,otc,本公司董事會決議辦理私募國內無擔保可轉換公司債,1150409,3,,,,
2026-04-09,181942,4979,華星光,otc,公告本公司董事會決議擬辦理私募普通股或私募國內可轉換公司債,1150409,2,,,,
2026-04-09,185636,7876,鼎晉生技,rotc,本公司董事會決議規劃辦理現金增資私募普通股及(或)國內可轉換公司債,1150409,2,,,,
2026-04-10,194208,2762,世界健身-KY,sii,公告本公司董事會決議發行中華民國境內第一次無擔保轉換公司債(補充公告),1150410,2,,,,
2026-04-10,160651,3555,博士旺,otc,本公司董事會決議辦理私募國內無擔保可轉換公司債,1150409,2,,,,
2026-04-10,164936,6220,岳豐,otc,公告本公司董事會決議辦理發行國內第十次有擔保轉換公司債,1150410,1,10,有擔保,:公開競標,凱基證券股份有限公司
2026-04-13,164414,6683,雍智科技,otc,公告本公司董事會決議發行國內第一次無擔保轉換公司債,1150413,1,1,無擔保,:公開競標,凱基證券股份有限公司
2026-04-13,173149,9935,慶豐富,sii,本公司董事會決議發行國內第四次無擔保轉換公司債,1150413,1,4,無擔保,:詢價圈購,凱基證券股份有限公司
2026-04-14,150321,2243,宏旭-KY,sii,公告董事會決議擬擇一方式一次辦理私募普通股或私募可轉換公司債案,1150414,1,,,,
2026-04-14,163253,2486,一詮,sii,本公司董事會決議發行國內第七次無擔保轉換公司債,1150414,5,7,無擔保,:詢價圈購,中國信託綜合證券股份有限公司。
2026-04-14,180706,4190,佐登-KY,sii,本公司董事會決議發行中華民國境內第四次有擔保轉換公司債,1150414,1,4,有擔保,:公開競標,華南永昌綜合證券股份有限公司
2026-04-15,142059,8021,尖點,sii,本公司董事會決議辦理私募國內無擔保可轉換公司債案,1150415,2,,無擔保,none,
2026-04-16,153833,3491,昇達科,otc,公告本公司董事會決議發行國內第三次無擔保轉換公司債,1150415,1,3,無擔保,:公開競標,凱基證券股份有限公司
2026-04-16,182803,3717,聯嘉投控,sii,公告本公司董事會決議通過以私募方式辦理現金增資發行普通股及(或)國內無擔保轉換公司債,1150416,1,,,,
2026-04-16,165738,7790,思必瑞特,rotc,本公司董事會決議辦理私募普通股或私募國內可轉換公司債,1150416,2,,,,
2026-04-17,155847,6469,大樹,otc,公告本公司董事會決議不繼續辦理114年股東常會通過之私募普通股及或私募國內無擔保可轉換公司債案,1150417,1,,,,
2026-04-17,162523,8087,麗升能源,otc,公告本公司董事會決議變更國內第二次無擔保轉換公司債資金運用計劃,1150417,2,,,,
2026-04-22,163601,5291,邑昇,otc,公告本公司董事會決議通過發行國內第二次無擔保轉換公司債,1150422,2,2,無擔保,:詢價圈購,採詢價圈購方式全數對外由承銷商公開承銷
2026-04-22,194406,6541,泰福-KY,sii,公告本公司董事會決議私募方式辦理現金增資發行普通股及/或私募國內或海外無擔保可轉換公司債案,1150422,6,,,,
2026-04-22,194444,6541,泰福-KY,sii,公告本公司董事會決議私募方式辦理現金增資發行普通股及/或私募國內或海外無擔保可轉換公司債案,1150422,7,,,,
2026-04-30,210522,6187,萬潤,otc,公告董事會決議發行國內第六次無擔保轉換公司債,1150430,2,6,無擔保,:公開競標,授權董事長全權處理
2026-05-06,173618,3689,湧德,otc,公告本公司董事會決議員工認股權憑證及國內第四次無擔保轉換公司債轉換普通股之增資基準日,1150506,1,,,,
2026-05-06,161228,6693,廣閎科,otc,公告本公司董事會決議發行國內第一次無擔保可轉換公司債,1150430,2,1,無擔保,:詢價圈購,兆豐證券股份有限公司
2026-05-07,193023,2451,創見,sii,公告本公司董事會決議發行國內第二次無擔保轉換公司債,1150505,4,,,,
2026-05-08,212738,3028,增你強,sii,公告本公司董事會決議發行國內第五次無擔保轉換公司債暨國內第六次無擔保轉換公司債,1150508,3,"5,6",無擔保,none,富邦綜合證券股份有限公司。
2026-05-08,174416,3583,辛耘,sii,本公司董事會決議發行國內第三次及第四次無擔保轉換公司債,1150430,2,"3,4",無擔保,:公開競標/詢價圈購,元大證券股份有限公司
2026-05-08,163802,4722,國精化,sii,公告本公司董事會決議員工認股權憑證及國內第三次無擔保轉換公司債轉換普通股之增資基準日,1150508,2,3,無擔保,none,
2026-05-08,184252,4973,廣穎電通,otc,公告本公司董事會決議發行國內第一次無擔保轉換公司債,1150508,3,1,無擔保,:詢價圈購,台新綜合證券股份有限公司
2026-05-08,190858,8054,安國,otc,公告本公司董事會決議辦理發行國內第一次有擔保轉換公司債,1150508,3,1,有擔保,:公開競標,福邦證券股份有限公司
2026-05-11,183220,1449,佳和,sii,本公司董事會決議發行私募國內無擔保可轉換公司債,1150511,4,,,,
2026-05-11,170226,3059,華晶科,sii,本公司董事會決議停止辦理民國114年股東常會通過之現金增資私募普通股、私募國內或海外轉換公司債,1150430,2,,,,
2026-05-11,183034,4566,時碩工業,sii,本公司董事會決議國內第三次無擔保轉換公司債轉換普通股之增資基準日,1150504,3,,,,
2026-05-11,183935,8096,擎亞,otc,公告本公司董事會決議發行國內第二次及第三次無擔保轉換公司債,1150511,4,"2,3",無擔保,none,統一綜合證券股份有限公司
2026-05-11,173621,8112,至上,sii,公告本公司董事會決議發行國內第十一次無擔保轉換公司債,1150511,3,11,無擔保,:詢價圈購,凱基證券股份有限公司
2026-05-12,201127,2646,星宇航空,sii,公告本公司董事會決議發行國內第一次及第二次無擔保轉換公司債,1150511,2,"1,2",無擔保,none,元大證券股份有限公司。
2026-05-12,170326,6134,萬旭,otc,公告本公司董事會決議通過發行國內第三次有擔保轉換公司債,1150512,2,3,有擔保,:公開競標,中國信託綜合證券股份有限公司
2026-05-12,192410,6584,南俊國際,otc,董事會決議發行國內第三次無擔保轉換公司債,1150512,1,3,無擔保,:詢價圈購,(待簽約完成後公告)
2026-05-12,224921,6869,雲豹能源,sii,公告本公司董事會決議發行國內第二次有擔保轉換公司債,1150512,3,2,有擔保,:公開競標,凱基證券股份有限公司
2026-05-12,151203,6903,巨漢,otc,本公司董事會決議發行國內第一次及第二次無擔保轉換公司債,1150506,2,"1,2",無擔保,none,富邦綜合證券股份有限公司
2026-05-12,153920,8936,國統,otc,公告本公司董事會決議發行國內第五次有擔保轉換公司債及第六次無擔保轉換公司債,1150512,2,"5,6",有擔保,none,台新綜合證券股份有限公司
2026-05-12,162044,9958,世紀鋼,sii,本公司董事會決議通過發行國內第九次無擔保轉換公司債,1150507,3,,,,
2026-05-13,190557,3128,昇銳,otc,本公司董事會決議發行國內第三次無擔保轉換公司債,1150513,5,,,,
2026-05-13,162620,3191,雲嘉南,otc,本公司董事會決議不繼續辦理114年度私募普通股及國內有擔保可轉換公司債。,1150513,3,,,,
2026-05-13,153655,5201,凱衛,otc,公告董事會決議除息基準日及國內轉換公司債停止轉換期間事宜,1150513,2,,,,
2026-05-14,193603,2317,鴻海,sii,本公司董事會決議發行一百一十五年度海外第一次無擔保轉換公司債,1150514,2,,,,
2026-05-14,162005,5263,智崴,otc,公告本公司董事會決議發行國內第六次有擔保轉換公司債,1150514,3,,,,
2026-05-14,184253,5543,桓鼎-KY,otc,本公司董事會決議以私募方式辦理現金增資發行新股或中華民國境內無擔保轉換公司債案,1150514,3,,,,
2026-05-14,145614,6903,巨漢,otc,(更正)本公司董事會決議發行國內第一次及第二次無擔保轉換公司債,1150514,1,"1,2",無擔保,none,富邦綜合證券股份有限公司
2026-05-14,161440,8147,正淩,otc,公告本公司董事會決議不繼續辦理114年股東常會通過之私募國內無擔保可轉換公司債案,1150514,3,,,,
2026-05-22,144138,3006,晶豪科,sii,董事會決議發行本公司國內第二次有擔保轉換公司債,1150522,3,2,有擔保,:公開競標,凱基證券股份有限公司
2026-05-29,185052,2530,華建,sii,本公司董事會決議發行國內第五次無擔保轉換公司債,1150529,3,,,,
2026-05-29,155807,2883,凱基金,sii,代子公司開發資本所屬之CIII公告董事會決議認購ArtisanHoldings、ArtisanPartners發行之可轉換公司債,1150529,7,,,,
2026-05-29,164108,8916,光隆,otc,董事會決議發行本公司國內第二次無擔保轉換公司債,1150526,1,,,,
2026-06-01,133359,3512,皇龍,otc,公告本公司董事會決議募集與發行國內第二次有擔保轉換公司債,1150529,3,2,有擔保,:公開競標,台新綜合證券股份有限公司。
2026-06-03,171905,2303,聯電,sii,本公司董事會決議發行國內第一次無擔保轉換公司債相關事宜,1150603,1,1,無擔保,:詢價圈購,宏遠證券股份有限公司
2026-06-03,171920,2303,聯電,sii,本公司董事會決議發行國內第二次無擔保轉換公司債相關事宜,1150603,2,2,無擔保,:公開競標,宏遠證券股份有限公司
2026-06-04,151241,3597,映興,otc,公告本公司董事會決議擬發行國內第二次無擔保轉換公司債,1150604,3,,,,
2026-06-09,171006,8155,博智,otc,本公司董事會決議發行國內第二次及第三次無擔保轉換公司債,1150609,2,"2,3",無擔保,none,凱基證券股份有限公司
2026-06-11,182038,1795,美時,sii,董事會決議發行第一次海外無擔保可轉換公司債,1150611,1,,,,
2026-06-11,153113,4541,晟田,otc,董事會決議發行國內第五次有擔保轉換公司債,1150611,3,5,有擔保,:公開競標,凱基證券股份有限公司
2026-06-11,153133,4541,晟田,otc,董事會決議發行國內第六次無擔保轉換公司債,1150611,4,6,無擔保,:詢價圈購,凱基證券股份有限公司
2026-06-11,231148,6222,立軒,otc,公告本公司董事會決議擬以私募方式辦理第二次國內無擔保可轉換公司債案,1150610,4,,,,
2026-06-15,155715,4724,宣捷幹細胞,rotc,公告本公司董事會決議以私募方式辦理國內第一次轉換公司債,1150612,3,,,,
2026-06-16,153519,2464,盟立,sii,公告董事會決議通過發行國內第三次無擔保轉換公司債,1150616,3,3,無擔保,:公開競標,中國信託綜合證券股份有限公司
2026-06-16,181839,3141,晶宏,otc,公告本公司董事會決議發行國內第四次及第五次無擔保轉換公司債,1150615,3,"4,5",無擔保,none,統一綜合證券股份有限公司。
2026-06-17,150057,3081,聯亞,otc,公告本公司董事會決議發行國內第一次有擔保轉換公司債,1150617,4,1,有擔保,:公開競標,元大證券股份有限公司。
2026-06-17,150145,3081,聯亞,otc,公告本公司董事會決議發行國內第二次無擔保轉換公司債,1150617,5,2,無擔保,:詢價圈購,元大證券股份有限公司。
2026-06-17,173818,4967,十銓,sii,公告本公司董事會決議發行國內第五次無擔保轉換公司債,1150617,1,5,無擔保,:公開競標,永豐金證券股份有限公司
2026-06-17,172205,8444,綠河-KY,otc,公告本公司董事會決議辦理私募國內無擔保轉換公司債(更新115/03/12價格訂定),1150617,3,,,,
2026-06-18,162504,1560,中砂,sii,公告本公司董事會決議發行國內第二次無擔保轉換公司債,1150618,4,2,無擔保,:公開競標,元大證券股份有限公司
2026-06-23,171646,1474,弘裕,sii,公告本公司董事會決議現金股利除息基準日及國內無擔保轉換公司債之停止轉換事宜,1150623,2,,,,
2026-06-24,145208,7631,聚賢研發-創,sii,公告本公司董事會決議發行國內第一次無擔保轉換公司債,1150624,1,1,無擔保,:詢價圈購,依票面金額之100.5%發行，並授權董事長視金融市場狀況與主辦承銷商
2026-06-25,164847,3711,日月光投控,sii,本公司董事會決議通過發行海外第一次無擔保轉換公司債,1150625,3,,,,
2026-06-26,170417,2316,楠梓電,sii,公告本公司董事會決議發行國內第一次無擔保可轉換公司債,1150626,3,1,無擔保,:公開競標,富邦綜合證券股份有限公司
2026-06-29,142001,6570,維田,otc,公告本公司董事會決議發行國內第二次無擔保轉換公司債,1150623,1,2,無擔保,:詢價圈購,統一綜合證券股份有限公司。
2026-06-30,182556,3016,嘉晶,sii,公告本公司董事會決議發行國內第六次無擔保轉換公司債,1150630,2,6,無擔保,:詢價圈購,凱基證券股份有限公司
2026-07-01,212013,3219,倚強科,otc,公告本公司董事會決議辦理發行國內第一次無擔保轉換公司債,1150701,1,1,無擔保,:公開競標,群益金鼎證券股份有限公司
2026-07-02,171439,8422,可寧衛*,sii,公告本公司董事會決議發行國內第三次無擔保轉換公司債,1150630,1,3,無擔保,none,以競價拍賣方式辦理公開銷售，授權董事長或其指定人員與主辦承銷商共同議定。
2026-07-03,161255,1514,亞力,sii,公告本公司董事會決議除權息基準日暨國內第二次轉換公司債停止轉換期間,1150703,2,,,,
2026-07-03,160721,3665,貿聯-KY,sii,本公司董事會決議發行第七次海外無擔保轉換公司債,1150702,2,,,,
2026-07-15,145332,5534,長虹,sii,公告本公司董事會決議通過除息基準日及國內轉換公司債停止轉換期間,1150715,4,,,,
2026-07-16,171944,6597,立誠,otc,本公司董事會決議發行國內第一次無擔保轉換公司債,1150716,2,,,,
2026-07-20,173653,4123,晟德,otc,本公司董事會決議除權除息基準日、調整配股配息率暨可轉換公司債停止轉換期間公告,1150720,1,,,none,
2026-07-28,171906,3260,威剛,otc,公告本公司董事會決議發行國內第九次無擔保轉換公司債,1150723,1,9,無擔保,:詢價圈購,群益金鼎證券股份有限公司
2026-07-28,164137,7743,金利食安,otc,本公司董事會決議發行國內第一次無擔保轉換公司債,1150728,1,1,無擔保,:詢價圈購,永豐金證券股份有限公司
2026-07-29,155524,2221,大甲,otc,公告本公司董事會決議辦理發行國內第一次無擔保轉換公司債,1150729,1,1,無擔保,:詢價圈購,統一綜合證券股份有限公司
2026-07-29,175601,4198,欣大健康,otc,本公司董事會決議發行國內第一次有擔保轉換公司債,1150729,3,1,有擔保,:公開競標,統一綜合證券股份有限公司。
2026-07-29,172959,6274,台燿,otc,本公司董事會決議發行國內第六次無擔保轉換公司債,1150729,6,,,,
2026-07-30,161333,3260,威剛,otc,公告本公司董事會決議發行國內第九次無擔保轉換公司債(更正發行總額),1150729,3,9,無擔保,:詢價圈購,群益金鼎證券股份有限公司
2026-07-31,204337,2454,聯發科,sii,董事會決議發行海外第一次無擔保轉換公司債,1150731,7,,,,
2026-08-04,140414,4198,欣大健康,otc,補充說明本公司董事會決議發行國內第一次有擔保轉換公司債,1150804,2,1,有擔保,:公開競標,統一綜合證券股份有限公司。
2026-08-05,165221,3689,湧德,otc,公告本公司董事會決議員工認股權憑證及國內第四次無擔保轉換公司債轉換普通股之增資基準日,1150805,2,,,,
2026-08-05,174422,6285,啟碁,sii,本公司董事會決議發行國內第四次及第五次無擔保轉換公司債,1150803,2,"4,5",無擔保,none,凱基證券股份有限公司
2026-08-06,181932,6922,宸曜,otc,本公司董事會決議發行國內第一次無擔保轉換公司債,1150806,1,,,,
2026-08-06,180822,6944,兆聯實業,sii,本公司董事會決議發行國內第一次無擔保轉換公司債暨國內第二次無擔保轉換公司債,1150803,3,,,,
2026-08-07,141100,2756,聯發國際,otc,公告本公司董事會決議發行國內第二次無擔保轉換公司債,1150805,5,2,無擔保,:詢價圈購,統一綜合證券股份有限公司。
2026-08-07,170613,2883,凱基金,sii,代子公司開發資本所屬之CIII公告董事會決議轉讓ArtisanHoldings及ArtisanPartners發行之可轉換公司債,1150807,2,,,,
2026-08-07,170631,2883,凱基金,sii,代子公司開發資本所屬GM公告董事會決議轉讓ConnexiumHoldings及ConnexiumInvestments發行可轉換公司債,1150807,3,,,,
2026-08-07,154115,3346,麗清,sii,公告本公司董事會決議除息基準日及轉換公司債停止轉換期間,1150807,3,,,,
2026-08-07,144532,3413,京鼎,sii,公告本公司董事會決議發行國內第三次無擔保轉換公司債,1150805,1,,,,
2026-08-07,183210,6669,緯穎,sii,公告本公司董事會決議發行國內第一次無擔保轉換公司債,1150805,1,,,,
2026-08-10,184000,4566,時碩工業,sii,本公司董事會決議國內第三次無擔保轉換公司債轉換普通股之增資基準日,1150803,3,,,,
2026-08-10,184107,4566,時碩工業,sii,本公司董事會決議發行國內第四次無擔保轉換公司債,1150803,4,,,,
2026-08-10,174824,4906,正文,sii,公告本公司董事會決議發行國內第七次及第八次無擔保轉換公司債,1150810,5,,,,
2026-08-10,161823,6846,綠茵,otc,董事會決議通過國內第一次及二次無擔保轉換公司債計畫修正,1150810,3,,,,
2026-08-10,165839,6846,綠茵,otc,本公司董事會決議發行國內第三次無擔保轉換公司債,1150810,7,,,,
2026-08-10,162443,7740,熙特爾-創,sii,本公司董事會決議發行國內第一次無擔保轉換公司債,1150805,1,,,,
2026-08-10,183051,8472,納維康,otc,公告本公司董事會決議通過更名全面換發有價證券(私募無擔保轉換公司債)相關事宜,1150810,3,,,,
2026-08-11,165312,3095,及成,otc,公告本公司董事會決議發行國內第五次有擔保轉換公司債,1150811,2,,,,
2026-08-11,184717,3702,大聯大,sii,本公司董事會決議發行國內第四次無擔保轉換公司債,1150811,4,,,,
2026-08-11,171717,3706,神達,sii,本公司董事會決議發行國內第一次暨第二次無擔保轉換公司債,1150811,2,,,,
2026-08-11,170847,6725,矽科宏晟,otc,公告本公司董事會決議通過發行115年度國內第一次無擔保轉換公司債案,1150810,6,,,,
2026-08-11,202718,6863,永道-KY,sii,公告本公司董事會決議變更國內第一次無擔保轉換公司債資金運用計劃,1150811,2,,,,
2026-08-11,185919,8996,高力,sii,本公司董事會決議發行國內第五次無擔保轉換公司債及國內第六次無擔保轉換公司債,1150810,3,"5,6",無擔保,none,由董事會授權董事長全權處理之
2026-08-12,163528,1569,濱川,otc,公告本公司董事會決議發行國內第七次有擔保轉換公司債,1150812,4,,,,
2026-08-12,162858,1727,中華化,sii,公告本公司董事會決議通過發行國內第二次無擔保轉換公司債,1150812,4,2,無擔保,:公開競標,統一綜合證券股份有限公司
2026-08-12,174633,2357,華碩,sii,本公司董事會決議發行海外第二次無擔保轉換公司債,1150812,2,,,,
2026-08-12,155533,2367,燿華,sii,本公司董事會決議發行國內第三次無擔保轉換公司債,1150812,2,,,,
2026-08-12,174638,3209,全科,sii,公告本公司董事會決議發行國內第五次無擔保轉換公司債,1150812,3,,,,
2026-08-12,193505,3455,由田,otc,本公司董事會決議發行國內第一次及第二次無擔保轉換公司債,1150811,4,,,,
2026-08-12,165837,3533,嘉澤,sii,公告本公司董事會決議發行國內第三次無擔保轉換公司債,1150810,2,,,,
2026-08-12,134249,4938,和碩,sii,本公司董事會決議發行海外第二次無擔保可轉換公司債,1150809,1,,,,
2026-08-12,165023,6438,迅得,sii,本公司董事會決議發行國內第三次無擔保轉換公司債,1150812,4,3,無擔保,:詢價圈購,授權董事長決定
2026-08-12,144711,8147,正淩,otc,公告本公司董事會決議通過辦理國內無擔保轉換公司債,1150811,5,,,,
2026-08-13,173851,1438,三地開發,sii,公告本公司董事會決議除權息基準日及國內轉換公司債停止轉換期間等相關事宜。,1150813,2,,,,
2026-08-13,173538,3450,聯鈞,sii,公告本公司董事會決議發行國內無擔保轉換公司債,1150813,2,,,,
2026-08-13,160843,6658,聯策,sii,公告本公司董事會決議發行國內第一次無擔保可轉換公司債,1150813,4,,,,
2026-08-14,164319,5381,光譜,otc,公告本公司董事會決議通過發行國內第三次有擔保轉換公司債,1150814,7,,,,
2026-08-14,140253,8021,尖點,sii,公告本公司董事會決議發行國內第三次無擔保轉換公司債,1150814,4,3,無擔保,:公開競標,福邦證券股份有限公司。
2026-08-19,173132,3443,創意,sii,董事會決議發行海外第一次無擔保轉換公司債,1150819,3,,,,
2026-08-19,160834,6534,正瀚-創,sii,公告本公司董事會決議發行國內第一次有擔保轉換公司債,1150819,1,,,,
2026-08-26,134637,2303,聯電,sii,本公司董事會決議發行海外第七次無擔保轉換公司債,1150826,1,7,無擔保,none,待定
2026-08-26,202432,3311,閎暉,sii,代子公司FDK株式會社公告董事會決議發行私募無擔保可轉換公司債,1150826,2,,,,
2026-08-27,165105,2012,春雨,sii,本公司董事會決議辦理募集國內第四次無擔保轉換公司債,1150827,1,,,,
2026-08-27,150028,2368,金像電,sii,公告董事會決議發行國內第四次無擔保可轉換公司債,1150826,1,,,,
2026-09-04,150423,2492,華新科,sii,公告本公司董事會決議發行國內第二次無擔保轉換公司債,1150903,1,2,無擔保,:詢價圈購,國泰綜合證券股份有限公司
2026-09-04,165111,3033,威健,sii,公告本公司董事會決議通過辦理發行國內第八次無擔保轉換公司債案,1150824,1,,,,
2026-09-07,152656,4542,科嶠,otc,公告本公司董事會決議發行國內第二次無擔保轉換公司債暨國內第三次無擔保轉換公司債案,1150903,2,,,,
2026-09-16,183223,2344,華邦電,sii,本公司董事會決議發行國內第四次無擔保轉換公司債,1150916,3,,,,
2026-09-16,183336,2344,華邦電,sii,本公司董事會決議發行國內第五次無擔保轉換公司債,1150916,4,,,,
2026-09-17,201112,7711,永擎,sii,公告本公司董事會決議發行國內第一次無擔保轉換公司債,1150917,1,,,,
2026-09-22,154715,3479,安勤,otc,公告本公司董事會決議發行國內第四次無擔保轉換公司債,1150922,1,,,,
2026-09-22,173351,7728,光焱科技,otc,公告本公司董事會決議發行國內第一次無擔保轉換公司債案,1150922,2,,,,
2026-09-22,174347,7728,光焱科技,otc,公告本公司董事會決議發行國內第二次無擔保轉換公司債案,1150922,4,,,,
2026-09-22,180636,7728,光焱科技,otc,(更正)公告本公司董事會決議發行國內第二次無擔保轉換公司債案,1150922,5,,,,
2026-09-29,180313,3706,神達,sii,（補充115/8/11公告）本公司董事會決議發行國內第一次暨第二次無擔保轉換公司債(變更發行額度),1150929,1,,,,
2026-10-01,174737,6922,宸曜,otc,(補充公告)本公司董事會決議發行國內第一次無擔保轉換公司債,1150929,1,,,,
2026-10-02,170530,4916,事欣科,sii,公告本公司董事會決議發行國內第六次無擔保轉換公司債,1151002,2,,,,
2026-10-06,140654,3147,大綜,otc,公告本公司董事會決議通過發行國內第一次無擔保轉換公司債,1151006,1,,,,
2026-10-06,153933,4556,旭然,otc,本公司董事會決議辦理發行國內第三次有擔保轉換公司債,1151006,1,,,,
