revenue_month,code,name,market,industry,revenue,last_month,last_year,mom,yoy,cum_revenue,cum_yoy,announce_date,announce_time,date_source
2026-09,1414,東和,sii,紡織纖維,32723,31640,30309,3.422882427307206,7.964630967699363,335157,-6.605863518947342,2026-10-05,,finmind
2026-09,1417,嘉裕,sii,紡織纖維,18876,23777,42022,-20.612356478950247,-55.08067202893722,212655,-10.482159995958847,2026-10-06,17:21,mops
2026-09,1434,福懋,sii,紡織纖維,1978787,2026703,2156675,-2.3642339306745983,-8.248252518344211,20372029,-4.977157141866962,2026-10-06,14:11,mops
2026-09,1435,中福,sii,其他,498,499,498,-0.20040080160320642,0.0,4486,0.0,2026-10-06,12:33,mops
2026-09,1436,華友聯,sii,建材營造,167772,54343,117017,208.7278950370793,43.374039669449736,793717,-78.50266131190273,2026-10-05,,finmind
2026-09,1437,勤益控,sii,其他,69828,80186,71384,-12.917466889481954,-2.179760170346296,667457,-3.7457223573794654,2026-10-03,,finmind
2026-09,1452,宏益,sii,紡織纖維,60605,69905,121620,-13.303769401330378,-50.16855780299293,968710,-7.503439820565974,2026-10-03,,finmind
2026-09,1454,台富,sii,紡織纖維,96050,70385,117012,36.463735170846064,-17.914401941681195,926577,-21.429516303822457,2026-10-03,,finmind
2026-09,1464,得力,sii,紡織纖維,1091163,1001905,1134942,8.908828681362005,-3.8573777338401434,9002783,-3.589289253989286,2026-10-06,14:23,mops
2026-09,1476,儒鴻,sii,紡織纖維,3508348,3311034,3240190,5.959286434388774,8.27599616071897,30278680,5.4065142185766195,2026-10-06,13:57,mops
2026-09,1477,聚陽,sii,紡織纖維,2930592,3554003,2362510,-17.541093803241022,24.04569716107022,26546755,0.1690214546765049,2026-10-02,,finmind
2026-09,1504,東元,sii,電機機械,5914588,5408315,5202947,9.361011701426415,13.677652299744741,47639807,8.86927080854066,2026-10-06,17:39,mops
2026-09,1524,耿鼎,sii,汽車工業,213009,221762,211836,-3.947024287298996,0.5537302441511358,1807544,-5.974761795523623,2026-10-06,15:25,mops
2026-09,1527,鑽全,sii,電機機械,261918,241850,212564,8.29770518916684,23.21841892324194,2118314,-7.997034451697133,2026-10-06,15:26,mops
2026-09,1538,正峰,sii,電機機械,4407,4096,8078,7.5927734375,-45.44441693488487,46314,-49.969212820429725,2026-10-05,,finmind
2026-09,1560,中砂,sii,電機機械,908501,899115,698435,1.0439154057044984,30.07667141537867,7479795,25.10993416829219,2026-10-03,,finmind
2026-09,1611,中電,sii,電器電纜,81050,81207,83257,-0.193333087049146,-2.6508281585932716,759876,-7.087336260559841,2026-10-05,,finmind
2026-09,1614,三洋電,sii,電器電纜,416190,405059,420625,2.7479947365692405,-1.0543833580980684,3983524,-5.138583514573469,2026-10-05,,finmind
2026-09,1713,國化,sii,化學工業,54973,38761,35037,41.82554629653518,56.89984873134115,353434,9.205570369637963,2026-10-02,,finmind
2026-09,1727,中華化,sii,化學工業,252718,256624,180026,-1.5220712014464741,40.3786119782698,1902088,28.065519112658777,2026-10-05,,finmind
2026-09,1731,美吾華,sii,生技醫療業,142282,133240,129729,6.786250375262684,9.676325262662935,1277496,9.258663747391468,2026-10-05,,finmind
2026-09,1773,勝一,sii,化學工業,1299462,1384770,960896,-6.160445416928443,35.23440622086053,10672806,25.24896221491789,2026-10-06,13:32,mops
2026-09,1777,生泰,otc,生技醫療業,132847,134826,108760,-1.4678177799534216,22.146929018021332,981718,0.4524729457605475,2026-10-05,,finmind
2026-09,1783,和康生,sii,生技醫療業,88087,68526,65117,28.54536964072031,35.274966598584086,632257,7.735942936792205,2026-10-05,,finmind
2026-09,1805,寶徠,sii,建材營造,115,114,114,0.8771929824561403,0.8771929824561403,104381,7.214684100783714,2026-10-02,,finmind
2026-09,1906,寶隆,sii,造紙工業,340406,312709,253347,8.857116360578045,34.363540914240154,2572373,11.542787714380863,2026-10-05,,finmind
2026-09,1909,榮成,sii,造紙工業,4790476,4596477,3823401,4.2206019958328955,25.293580244394978,37921926,16.27895339170964,2026-10-05,,finmind
2026-09,2006,東和鋼鐵,sii,鋼鐵工業,5415592,5234484,4757657,3.459901682763764,13.828970856873458,45743342,3.5874322071600906,2026-10-05,,finmind
2026-09,2025,千興,sii,鋼鐵工業,159354,212580,60584,-25.0381033022862,163.02984286280207,1387493,139.012352909764,2026-10-05,,finmind
2026-09,2035,唐榮公司,otc,鋼鐵工業,704470,669227,763703,5.266225062646905,-7.756025575387291,7545638,-0.2757944023304812,2026-10-05,,finmind
2026-09,2049,上銀,sii,電機機械,2720090,2708024,2090162,0.4455647365015967,30.137759656906976,21997456,23.8623252931006,2026-10-06,14:00,mops
2026-09,2059,川湖,sii,電子零組件業,4464393,6466169,1507097,-30.957681433937157,196.22466238072266,33617584,167.83532632168345,2026-10-06,14:31,mops
2026-09,2063,世鎧精密,otc,鋼鐵工業,94410,60563,94585,55.88725789673563,-0.18501876618914204,703005,-7.498246689763431,2026-10-06,16:14,mops
2026-09,2065,世豐,otc,鋼鐵工業,193342,205027,156053,-5.699249367156521,23.89508692559579,1730974,11.983008862381748,2026-10-06,16:10,mops
2026-09,2067,嘉鋼,otc,電機機械,82632,80111,82935,3.146883698867821,-0.3653463555796708,703143,-8.107384023868924,2026-10-06,15:07,mops
2026-09,2069,運錩,sii,鋼鐵工業,950171,886938,809715,7.129359662118435,17.346350259041763,7633130,-1.0190982037729586,2026-10-06,17:03,mops
2026-09,2070,精湛,otc,電機機械,71344,74081,60606,-3.694604554474157,17.71771771771772,597181,23.953306391519764,2026-10-03,,finmind
2026-09,2101,南港,sii,橡膠工業,2376965,1267668,641832,87.50690243817782,270.34068105049295,17905499,167.43229879771584,2026-10-06,17:37,mops
2026-09,2103,台橡,sii,橡膠工業,3728159,3446503,3028595,8.172225586340705,23.09863154366959,33028574,17.48967892380357,2026-10-06,13:55,mops
2026-09,2115,六暉-KY,sii,汽車工業,338753,319121,229275,6.151898496181699,47.749645622069565,2719454,21.082570849751775,2026-10-06,14:38,mops
2026-09,2231,為升,sii,汽車工業,277543,222547,316268,24.71208329027127,-12.24436237621258,2233550,-14.386272365534644,2026-10-06,15:00,mops
2026-09,2241,艾姆勒,sii,汽車工業,78325,87163,71413,-10.139623464084531,9.678910002380519,717002,41.2770065909382,2026-10-03,,finmind
2026-09,2258,鴻華先進-創,sii,汽車工業,1069446,913778,242450,17.03564760806235,341.0996081666323,4885756,36.73292733062783,2026-10-05,,finmind
2026-09,2303,聯電,sii,半導體業,25350431,25044641,19927175,1.2209797696840614,27.215377995124747,204009681,16.083668659808335,2026-10-06,15:30,mops
2026-09,2313,華通,sii,電子零組件業,8617380,7012064,7492143,22.893630177933346,15.018893793137691,62124650,12.996025791431352,2026-10-05,,finmind
2026-09,2317,鴻海,sii,其他電子業,1158633235,921766023,837067572,25.697108169499106,38.41573533086287,7669772510,39.52740587343551,2026-10-05,,finmind
2026-09,2344,華邦電,sii,半導體業,28248909,27308717,7920210,3.4428274312557416,256.6686868151223,180427134,187.3908590670214,2026-10-05,,finmind
2026-09,2345,智邦,sii,通信網路業,40398562,40872511,24318092,-1.1595788670776797,66.12554142816796,286402145,62.44981435880206,2026-10-06,14:08,mops
2026-09,2348,海悅,sii,其他,1481390,1425372,754664,3.930061766331877,96.29795511644917,8100770,83.289853268924,2026-10-05,,finmind
2026-09,2352,佳世達,sii,電腦及週邊設備業,19756591,18813300,18235474,5.013958210414972,8.34152706971039,161035393,3.3979839204857543,2026-10-05,,finmind
2026-09,2354,鴻準,sii,其他電子業,14415056,21867114,12963200,-34.07883637502416,11.199827203159714,113326996,-0.2169530950984939,2026-10-05,,finmind
2026-09,2359,所羅門,sii,其他電子業,324793,275860,278339,17.73834553759153,16.68972008953111,3359009,5.9202279974886975,2026-10-06,15:25,mops
2026-09,2360,致茂,sii,其他電子業,6859602,5632401,2238275,21.78823915413693,206.46824005093208,43315371,119.5343671101157,2026-10-06,15:00,mops
2026-09,2365,昆盈,sii,電腦及週邊設備業,103057,111154,74436,-7.284488187559602,38.45048095007792,813782,13.894036175942047,2026-10-06,14:38,mops
2026-09,2376,技嘉,sii,電腦及週邊設備業,63099342,47400848,27988237,33.118593152595075,125.4495058048851,403982432,63.1715973040828,2026-10-06,15:24,mops
2026-09,2380,虹光,sii,電腦及週邊設備業,240706,202355,309762,18.952336240764993,-22.293244490931748,2097180,-0.03236633157900507,2026-10-06,17:15,mops
2026-09,2383,台光電,sii,電子零組件業,21532230,20145589,8008332,6.8830998190224175,168.87284393304373,141226961,103.69258923500948,2026-10-05,,finmind
2026-09,2385,群光,sii,電子零組件業,6214354,6521222,8284209,-4.705682462581399,-24.985547805469416,65052042,-10.376746420638145,2026-10-06,13:43,mops
2026-09,2393,億光,sii,光電業,1924509,1862682,1622477,3.319246119305389,18.615487307370152,16157768,7.616769834742146,2026-10-06,17:02,mops
2026-09,2397,友通,sii,電腦及週邊設備業,1294877,1239331,964547,4.481934204825023,34.2471647312158,10557435,31.73909023287921,2026-10-03,,finmind
2026-09,2402,毅嘉,sii,電子零組件業,1136758,1113296,987975,2.1074359379715726,15.05938915458387,9497989,16.910643139757248,2026-10-02,,finmind
2026-09,2408,南亞科,sii,半導體業,45091089,44690268,6664140,0.8968865436206379,576.622775031737,265284971,626.9495065095125,2026-10-05,,finmind
2026-09,2415,錩新,sii,電子零組件業,191797,230830,182565,-16.909847073603952,5.056829074576179,1881881,8.03542775721607,2026-10-06,16:18,mops
2026-09,2417,圓剛,sii,電腦及週邊設備業,262551,253041,276719,3.7582842306187536,-5.119995374368945,2712397,8.434982913595725,2026-10-05,,finmind
2026-09,2419,仲琦,sii,通信網路業,782989,2011067,781781,-61.06599133693706,0.15451897654202393,7578178,19.463144168355527,2026-10-03,,finmind
2026-09,2421,建準,sii,電子零組件業,2048924,1974148,1758131,3.787760593430685,16.539893784934115,16580627,20.500161411784063,2026-10-06,16:27,mops
2026-09,2432,倚天酷碁-創,sii,電腦及週邊設備業,675179,444398,339496,51.93115180536366,98.87686452859533,3855495,66.26826344206586,2026-10-06,16:58,mops
2026-09,2436,偉詮電,sii,半導體業,413220,428927,312350,-3.661928486665563,32.29390107251481,3453144,30.636080006628,2026-10-05,,finmind
2026-09,2439,美律,sii,通信網路業,5192942,4117732,4990360,26.11170420998744,4.059466651704486,34367651,6.741680832051901,2026-10-06,15:46,mops
2026-09,2451,創見,sii,半導體業,6035203,4837166,1545811,24.767332772950112,290.42308535778307,48511347,369.98990000276115,2026-10-06,16:01,mops
2026-09,2455,全新,sii,通信網路業,449063,470904,346803,-4.638100334675433,29.486480797455616,3266756,34.95902177765917,2026-10-05,,finmind
2026-09,2458,義隆,sii,半導體業,601864,740683,1133440,-18.742025940922094,-46.89935064935065,8650439,-8.621257715433995,2026-10-03,,finmind
2026-09,2474,可成,sii,其他電子業,1028108,1003130,1562212,2.490006280342528,-34.18895770868487,9542853,-33.246619521904684,2026-10-06,15:59,mops
2026-09,2483,百容,sii,電子零組件業,188796,188082,148307,0.3796216543847896,27.300801715360706,1624110,22.546408290336846,2026-10-05,,finmind
2026-09,2486,一詮,sii,光電業,784787,777300,500404,0.9632059693811913,56.830680809905594,5984801,32.980802133096326,2026-10-05,,finmind
2026-09,2497,怡利電,sii,汽車工業,483145,479526,341788,0.7547036031414355,41.358093321006,4072156,21.978394595773334,2026-10-06,14:11,mops
2026-09,2498,宏達電,sii,通信網路業,338824,246093,302263,37.68128309216434,12.095757667991121,2030455,-4.210039651931056,2026-10-06,17:00,mops
2026-09,2511,太子,sii,建材營造,1129018,1094091,773871,3.192330436864941,45.89227403533664,7553701,26.492249824211683,2026-10-05,,finmind
2026-09,2633,台灣高鐵,sii,航運業,4718392,4676641,4236093,0.892756146986694,11.38546769393401,41780743,4.170324177619461,2026-10-05,,finmind
2026-09,2637,慧洋-KY,sii,航運業,2012020,2013191,1615679,-0.05816636374790072,24.53092476909089,15792526,33.77909632316267,2026-10-05,,finmind
2026-09,2643,捷迅,otc,航運業,788713,799777,702305,-1.3833856187412241,12.303486377001445,5704241,-7.080390148135684,2026-10-06,18:15,mops
2026-09,3004,豐達科,sii,鋼鐵工業,536984,526282,342559,2.0335105513773986,56.756646300345345,4147691,42.38105078727345,2026-10-02,,finmind
2026-09,3006,晶豪科,sii,半導體業,7460769,7904796,1308368,-5.617184807805287,470.2347504677583,43363345,343.911329000345,2026-10-03,,finmind
2026-09,3008,大立光,sii,光電業,5779179,5011942,6235248,15.308177947789499,-7.314368249667054,44859658,2.1179738838233697,2026-10-05,,finmind
2026-09,3015,全漢,sii,電子零組件業,1016521,1084815,1227991,-6.2954512981476105,-17.22081025023799,9532970,-6.6755256505567475,2026-10-06,15:14,mops
2026-09,3019,亞光,sii,光電業,2534552,2843905,2536671,-10.877754355367005,-0.08353467990133526,22083100,13.426438847128685,2026-10-06,14:48,mops
2026-09,3023,信邦,sii,電子零組件業,3348769,3280576,2668159,2.078689839833005,25.50859974986498,27183346,15.241050745224879,2026-10-02,,finmind
2026-09,3025,星通,sii,通信網路業,39836,30347,104437,31.26832965367252,-61.856430192364776,360847,3.255205725224697,2026-10-06,17:17,mops
2026-09,3029,零壹,sii,資訊服務業,2771860,3487591,1999287,-20.522217198060208,38.64242602487787,23620737,22.03779292289684,2026-10-06,15:29,mops
2026-09,3030,德律,sii,其他電子業,868016,997357,563585,-12.968375416225083,54.01687411836724,8286749,29.7636013582763,2026-10-02,,finmind
2026-09,3034,聯詠,sii,半導體業,10347340,10327444,8278299,0.19265173454341655,24.993552419404036,82776517,6.3337693869307365,2026-10-06,14:32,mops
2026-09,3042,晶技,sii,電子零組件業,1415241,1414665,1234935,0.04071635334160384,14.600444557810736,11233499,12.058932819000393,2026-10-05,,finmind
2026-09,3046,建碁,sii,電腦及週邊設備業,788907,877852,741616,-10.13211794243221,6.376750231925956,6909625,24.31132555628739,2026-10-06,16:04,mops
2026-09,3051,力特,sii,光電業,150266,160726,147122,-6.507970085735973,2.1370019439648726,1430525,5.48870910770869,2026-10-02,,finmind
2026-09,3054,立萬利,sii,電子通路業,37416,37214,11894,0.5428064706830763,214.57877921641165,449278,342.02003108951027,2026-10-06,15:56,mops
2026-09,3067,全域,otc,居家生活,7452,3313,8570,124.93208572290975,-13.045507584597432,48260,10.404465592972182,2026-10-06,16:39,mops
2026-09,3081,聯亞,otc,通信網路業,540492,520469,186272,3.8471071283784433,190.16277271946402,3687740,136.33299154063062,2026-10-05,,finmind
2026-09,3090,日電貿,sii,電子零組件業,1852758,1912802,1411397,-3.139059871330122,31.27121568205119,15506956,30.174483999456367,2026-10-06,17:45,mops
2026-09,3094,聯傑,sii,半導體業,27260,20698,14440,31.70354623635134,88.78116343490305,180689,24.213905654929675,2026-10-05,,finmind
2026-09,3105,穩懋,otc,半導體業,2029540,1937397,1561519,4.7560205781262175,29.97216172201555,15706314,32.608982715415635,2026-10-05,,finmind
2026-09,3141,晶宏,otc,半導體業,194186,242126,145526,-19.799608468318148,33.43732391462694,1537165,25.058780266752578,2026-10-05,,finmind
2026-09,3150,鈺寶-創,sii,半導體業,26985,26012,23114,3.7405812701829926,16.747425802543912,254512,1.2076747191569739,2026-10-06,15:59,mops
2026-09,3152,璟德,otc,通信網路業,160028,155549,111674,2.87947849230789,43.29924601966438,1219786,12.823847376200352,2026-10-05,,finmind
2026-09,3167,大量,sii,電機機械,1304413,1219982,478978,6.920675878824442,172.33254972044645,8476738,140.1978427713856,2026-10-05,,finmind
2026-09,3168,眾福科,sii,光電業,369485,381999,343411,-3.2759248060858797,7.592651371097606,3010016,16.448607169868986,2026-10-03,,finmind
2026-09,3169,亞信,otc,半導體業,85529,87908,72527,-2.706238340082814,17.927116797882167,759950,6.6345058288010685,2026-10-06,13:31,mops
2026-09,3189,景碩,sii,半導體業,5181276,4809631,3586439,7.727100062354056,44.468538291045796,38140960,33.64196585677376,2026-10-06,17:46,mops
2026-09,3211,順達,otc,電腦及週邊設備業,776092,1676806,1176859,-53.71605301984845,-34.05395208771824,10517443,13.892897105561609,2026-10-05,,finmind
2026-09,3213,茂訊,otc,電腦及週邊設備業,353396,389527,236738,-9.27560862276556,49.277260093436624,2845507,21.112048906078485,2026-10-05,,finmind
2026-09,3228,金麗科,otc,半導體業,30783,28785,27748,6.941115164147994,10.937725241458844,265483,12.414677935671822,2026-10-01,,finmind
2026-09,3257,虹冠電,sii,半導體業,60198,60112,100228,0.14306627628426935,-39.93893921858163,485035,-40.4220272736876,2026-10-06,15:29,mops
2026-09,3260,威剛,otc,半導體業,15729789,18925261,5244144,-16.884691841238016,199.94960092629034,117305653,215.5703912822406,2026-10-06,14:30,mops
2026-09,3265,台星科,otc,半導體業,399822,401868,358673,-0.5091223983994745,11.472566934226998,3938490,15.926079092486493,2026-10-05,,finmind
2026-09,3293,鈊象,otc,文化創意業,2249539,2268408,1795453,-0.8318168512895388,25.29088759215641,19424947,18.88258389568366,2026-10-05,,finmind
2026-09,3317,尼克森,otc,半導體業,175819,165616,240407,6.160636653463434,-26.86610622818803,2011240,-0.22453002977528147,2026-10-06,17:14,mops
2026-09,3321,同泰,sii,電子零組件業,199182,234038,211834,-14.893307924354165,-5.972601187722462,1826104,12.71015450780995,2026-10-05,,finmind
2026-09,3363,上詮,otc,通信網路業,224257,204482,174688,9.6707778679786,28.375732734933138,1410739,-6.027164572814111,2026-10-06,15:41,mops
2026-09,3380,明泰,sii,通信網路業,2417119,2982462,2268204,-18.955580993152637,6.56532657556375,17622682,9.765937650227826,2026-10-03,,finmind
2026-09,3413,京鼎,sii,半導體業,2358998,2249019,2059377,4.890087633763876,14.549108783870073,18631309,19.32143217158843,2026-10-06,14:02,mops
2026-09,3443,創意,sii,半導體業,7145236,5840094,3612747,22.34796220745762,97.77847715325761,44098869,102.83428395752624,2026-10-05,,finmind
2026-09,3489,森寶,otc,建材營造,91764,61548,82922,49.09339052446871,10.663032729553073,753109,59.6124500885901,2026-10-06,13:47,mops
2026-09,3511,矽瑪,otc,電子零組件業,172012,163374,175333,5.287255009977108,-1.894110064848032,1455177,12.679074053281814,2026-10-03,,finmind
2026-09,3520,華盈,otc,電子零組件業,113188,126380,100224,-10.438360500079126,12.935025542784164,1007454,15.275799215287813,2026-10-06,14:05,mops
2026-09,3529,力旺,otc,半導體業,177406,356928,156346,-50.296418325264476,13.470123955841531,3400810,21.427533419431132,2026-10-05,,finmind
2026-09,3530,晶相光,sii,半導體業,171632,178015,179259,-3.5856528944190096,-4.254737558504734,1662415,30.825371267941698,2026-10-02,,finmind
2026-09,3555,博士旺,otc,半導體業,47129,46831,47737,0.6363306356900343,-1.2736451808869431,624159,252.8036220988729,2026-10-06,16:28,mops
2026-09,3556,禾瑞亞,otc,半導體業,108888,91617,78201,18.851304888830676,39.24118617408985,945483,31.609365799880567,2026-10-05,,finmind
2026-09,3558,神準,otc,,,,,,,,,2026-10-06,23:09,mops
2026-09,3563,牧德,sii,光電業,372810,361158,228436,3.2262887711195654,63.2010716349437,3004671,18.801472271547034,2026-10-03,,finmind
2026-09,3564,其陽,otc,通信網路業,354239,269866,229665,31.264775851719,54.241612783837326,2288274,29.834611192468678,2026-10-03,,finmind
2026-09,3591,艾笛森,sii,光電業,239163,271207,170161,-11.815329250351208,40.5510075751788,2051806,16.909957715846616,2026-10-03,,finmind
2026-09,3596,智易,sii,通信網路業,5064105,4731510,4667353,7.029362719301027,8.500578379222656,41308748,3.3415687210238945,2026-10-05,,finmind
2026-09,3624,光頡,otc,電子零組件業,380218,367119,227096,3.5680528656920507,67.42611054355866,2721840,34.834867116439874,2026-10-06,16:30,mops
2026-09,3625,西勝,otc,電腦及週邊設備業,31606,50505,36325,-37.42005742005742,-12.99105299380592,339689,6.36021491909223,2026-10-02,,finmind
2026-09,3630,新鉅科,otc,光電業,160278,172335,209756,-6.996257289581338,-23.588359808539447,1751416,2.529254290014524,2026-10-05,,finmind
2026-09,3665,貿聯-KY,sii,其他電子業,9332402,8891805,6706222,4.955090670566888,39.160349895962284,71964925,39.89648329830782,2026-10-05,,finmind
2026-09,3669,圓展,sii,通信網路業,196918,179620,201843,9.630330698140519,-2.4400152593847695,2009340,7.0115024556821535,2026-10-05,,finmind
2026-09,3675,德微,otc,半導體業,316892,300057,233032,5.610600652542684,35.98647396065776,2393524,22.49775197000102,2026-10-06,17:28,mops
2026-09,3689,湧德,otc,電子零組件業,829725,780917,511932,6.250088037525114,62.077189939288814,6598337,45.44927710022724,2026-10-06,16:06,mops
2026-09,3714,富采,sii,光電業,2126893,2171584,1790320,-2.057990849076066,18.799600071495597,18255551,7.543208178339019,2026-10-05,,finmind
2026-09,3715,定穎投控,sii,電子零組件業,3226476,2932061,1746919,10.04123038367892,84.69522628124143,21197896,51.25937713911443,2026-10-06,16:29,mops
2026-09,3717,聯嘉投控,sii,汽車工業,597713,505042,517633,18.34916699997228,15.470420162547596,5148542,427.11920977299815,2026-10-06,14:26,mops
2026-09,4105,東洋,otc,生技醫療業,911422,525921,879494,73.30017245936176,3.6302692229850346,5146541,7.423933440064122,2026-10-06,14:10,mops
2026-09,4116,明基醫,otc,生技醫療業,420969,417672,440251,0.789375395046831,-4.379774265135116,4023868,3.729031496353253,2026-10-03,,finmind
2026-09,4121,優盛,otc,生技醫療業,328607,332235,300939,-1.0919981338510392,9.193889791618899,2870403,0.7645091930317258,2026-10-06,16:25,mops
2026-09,4126,太醫,otc,生技醫療業,219646,223090,213262,-1.543771572011296,2.9935009518807854,1852100,1.2400692243527163,2026-10-05,,finmind
2026-09,4127,天良,otc,生技醫療業,56968,54765,51352,4.022642198484434,10.93628291011061,553651,44.98415691203813,2026-10-06,15:32,mops
2026-09,4128,中天,otc,生技醫療業,150427,154495,160811,-2.633094922165766,-6.457269714136471,1437887,3.93885486234248,2026-10-05,,finmind
2026-09,4153,鈺緯,otc,生技醫療業,85672,79634,62000,7.582188512444433,38.18064516129032,716320,12.07963487123641,2026-10-03,,finmind
2026-09,4157,太景*-KY,otc,生技醫療業,3150,7053,1007,-55.33815397703105,212.8103277060576,31725,12.26909193856607,2026-10-03,,finmind
2026-09,4161,聿新科,otc,生技醫療業,47688,50852,80998,-6.221977503343035,-41.12447220919035,655916,9.06920129835577,2026-10-05,,finmind
2026-09,4207,環泰,otc,食品工業,468213,489265,408317,-4.302780701664742,14.668994923062229,4329264,11.168076960903013,2026-10-06,13:57,mops
2026-09,4406,新昕纖,otc,紡織纖維,8004,2184,31512,266.4835164835165,-74.6001523229246,122134,-66.4215194362805,2026-10-05,,finmind
2026-09,4420,光明,otc,紡織纖維,101256,86926,78573,16.485286335503762,28.86869535336566,748388,-2.7389231191103405,2026-10-06,13:42,mops
2026-09,4506,崇友,otc,電機機械,698558,480763,540659,45.30194711323459,29.204914742934086,5061742,6.550876321428722,2026-10-06,14:16,mops
2026-09,4529,淳紳,otc,其他,2645,2068,479,27.901353965183752,452.1920668058455,17553,328.0175566934894,2026-10-05,,finmind
2026-09,4555,氣立,sii,電機機械,181850,167298,135530,8.698251025116857,34.176934995941856,1428979,18.744250707780978,2026-10-05,,finmind
2026-09,4561,健椿,otc,電機機械,111883,107857,62225,3.7327201757883124,79.8039373242266,909231,28.022297536091287,2026-10-05,,finmind
2026-09,4576,大銀微系統,sii,電機機械,427201,426932,244537,0.0630076920914806,74.69789847753101,3097628,58.1164628294914,2026-10-06,13:33,mops
2026-09,4584,君帆,otc,電機機械,109976,115067,109670,-4.424378840153997,0.2790188748062369,867532,-15.673218802185902,2026-10-06,14:01,mops
2026-09,4702,中美實,otc,居家生活,4789,10608,2858,-54.85482654600302,67.56473058082575,52607,-3.297733497546001,2026-10-06,16:50,mops
2026-09,4735,豪展,otc,生技醫療業,100786,101957,73552,-1.148523397118393,37.026865346965415,805557,17.09068762473164,2026-10-05,,finmind
2026-09,4739,康普,sii,化學工業,1095680,872233,685004,25.617810837241883,59.95235064320792,8454478,98.25227077937534,2026-10-06,16:48,mops
2026-09,4743,合一,otc,生技醫療業,5649,5913,6929,-4.4647387113140535,-18.473084139125415,96768,12.623076744023649,2026-10-03,,finmind
2026-09,4746,台耀,sii,生技醫療業,489554,460577,417754,6.2914561517401,17.18714841748972,3513433,-0.9511241493573329,2026-10-05,,finmind
2026-09,4755,三福化,sii,化學工業,480000,444823,413026,7.908089284951543,16.21544406405408,3703750,3.279196397922788,2026-10-05,,finmind
2026-09,4760,勤凱科技,otc,其他電子業,303814,305090,172303,-0.41823724146973024,76.32542671920976,2216884,66.93277912063915,2026-10-06,14:05,mops
2026-09,4763,材料*-KY,sii,化學工業,1024559,1039878,785314,-1.4731535814778272,30.464884110050246,8677507,-17.05259601984695,2026-10-06,17:46,mops
2026-09,4771,望隼,sii,生技醫療業,394530,436901,315898,-9.698078054296053,24.891578927375292,3372795,32.970536542902856,2026-10-06,17:50,mops
2026-09,4804,大略-KY,otc,觀光餐旅,374,316,9575,18.354430379746834,-96.09399477806788,1766,-98.10403134897203,2026-10-06,14:45,mops
2026-09,4903,聯光通,otc,通信網路業,281063,70096,145007,300.96867153617893,93.82719454922866,1256139,22.27529533614198,2026-10-06,13:58,mops
2026-09,4909,新復興,otc,通信網路業,19450,15980,21569,21.714643304130163,-9.824284853261625,155588,-35.56071882675016,2026-10-05,,finmind
2026-09,4911,德英,otc,生技醫療業,11440,11564,26009,-1.0722933241093047,-56.015225498865775,100954,-57.92899679531257,2026-10-03,,finmind
2026-09,4919,新唐,sii,半導體業,2763950,2525998,2640893,9.420118305715206,4.659673830026434,23785554,1.4215442996727254,2026-10-05,,finmind
2026-09,4927,泰鼎-KY,sii,電子零組件業,1536042,1378879,888766,11.397881902617996,72.82861855651544,9802351,9.689995303484743,2026-10-06,16:46,mops
2026-09,4956,光鋐,sii,光電業,100170,106246,122200,-5.718803531427065,-18.027823240589196,1050119,2.14648675358834,2026-10-05,,finmind
2026-09,4961,天鈺,sii,半導體業,2175317,2109978,1385979,3.0966673586170095,56.951656554680845,16139680,15.209390079817991,2026-10-05,,finmind
2026-09,4966,譜瑞-KY,otc,半導體業,1503134,1326834,1640024,13.287268791725264,-8.346829070794087,12423272,-1.6540877217147896,2026-10-05,,finmind
2026-09,4968,立積,sii,半導體業,330155,322369,330167,2.4152446420096223,-0.003634524346769968,2880078,2.5037281162246905,2026-10-05,,finmind
2026-09,4971,IET-KY,otc,半導體業,108127,106034,97085,1.9738951657015673,11.373538651696967,907409,19.2517206167805,2026-10-06,15:18,mops
2026-09,4972,湯石照明,otc,光電業,78024,77732,71051,0.37564966809036177,9.81407721214339,742102,9.564621692289748,2026-10-05,,finmind
2026-09,4974,亞泰,otc,電子零組件業,344966,428660,280263,-19.524564923249194,23.086529438420342,3168180,4.673118278859379,2026-10-05,,finmind
2026-09,4994,傳奇,sii,資訊服務業,70455,85757,83783,-17.84344135172639,-15.907761717770908,848215,-5.158388951069437,2026-10-06,16:35,mops
2026-09,5015,華祺,otc,鋼鐵工業,115002,132290,112366,-13.06825912767405,2.345905345033195,984456,-16.762407563671783,2026-10-05,,finmind
2026-09,5203,訊連,sii,資訊服務業,179220,167998,213239,6.679841426683651,-15.95346067089041,1635028,-9.485081348544009,2026-10-06,15:51,mops
2026-09,5222,全訊,sii,半導體業,26771,69507,88672,-61.48445480311336,-69.80895885961746,568348,-17.80048450663485,2026-10-05,,finmind
2026-09,5228,鈺鎧,otc,電子零組件業,90739,71765,43249,26.439071971016514,109.8060070753081,623031,61.684287560531274,2026-10-06,15:43,mops
2026-09,5234,達興材料,sii,光電業,481526,453005,402827,6.295956998267127,19.536674552599504,3864935,12.242248692929374,2026-10-05,,finmind
2026-09,5236,凌陽創新,sii,半導體業,141777,176977,204733,-19.88959017273431,-30.75029428572824,1667025,8.539459719898169,2026-10-05,,finmind
2026-09,5244,弘凱,sii,光電業,99004,92502,81015,7.02903721000627,22.204530025303956,658132,7.422762529053824,2026-10-05,,finmind
2026-09,5272,笙科,otc,半導體業,22814,33794,28021,-32.49097472924188,-18.582491702651584,251266,-5.066213280438274,2026-10-05,,finmind
2026-09,5274,信驊,otc,半導體業,1636326,1625937,814367,0.6389546458442117,100.93225781496548,11804447,77.73100127692268,2026-10-05,,finmind
2026-09,5276,達輝-KY,otc,其他,91300,83738,70241,9.03054766056032,29.981065189846387,781434,15.227879981833302,2026-10-06,15:05,mops
2026-09,5284,jpp-KY,sii,其他,386225,362392,334128,6.576580056954899,15.591928841641527,3554212,35.387772935412,2026-10-05,,finmind
2026-09,5289,宜鼎,otc,電腦及週邊設備業,8712798,8680123,1370557,0.37643475789455977,535.7121958444633,61513750,550.6243751700235,2026-10-06,17:03,mops
2026-09,5291,邑昇,otc,電子零組件業,142257,144890,97803,-1.817240665332321,45.45259347872765,1186061,45.740683397721355,2026-10-06,14:40,mops
2026-09,5292,華懋,sii,綠能環保,245285,237861,242660,3.121150587948424,1.0817604879254925,2037968,-3.8035484681017375,2026-10-06,15:46,mops
2026-09,5299,杰力,otc,半導體業,108180,119505,110142,-9.476590937617672,-1.7813368197417878,1139395,-3.1482482625430115,2026-10-06,14:56,mops
2026-09,5309,系統電,otc,電子零組件業,367005,327559,311354,12.042410680213335,17.873867045228263,2783978,10.42435574375794,2026-10-06,13:39,mops
2026-09,5315,光聯,otc,光電業,130843,131249,173462,-0.30933569017668705,-24.569646377881035,1329695,-10.632110325434223,2026-10-02,,finmind
2026-09,5344,立衛,otc,半導體業,34046,30342,26410,12.207501153516578,28.913290420295343,282370,14.586123217517631,2026-10-06,14:16,mops
2026-09,5351,鈺創,otc,半導體業,2406618,2260221,400908,6.477109981723026,500.2918375288096,14425997,490.78823108318295,2026-10-06,17:10,mops
2026-09,5388,中磊,sii,通信網路業,6807286,7044125,4616997,-3.3622202899579436,47.43968861145026,59093688,54.22513167300467,2026-10-06,16:30,mops
2026-09,5432,新門,otc,綠能環保,19713,18639,13684,5.762111701271527,44.05875475007308,153084,8.106352176829914,2026-10-06,17:32,mops
2026-09,5452,佶優,otc,其他電子業,440095,453595,398614,-2.9762232828845114,10.406307856723547,3785052,-0.7270040608261026,2026-10-06,15:17,mops
2026-09,5460,同協,otc,電子零組件業,40248,31652,19252,27.157841526601796,109.05879908580927,227758,29.16210621827771,2026-10-06,16:00,mops
2026-09,5490,同亨,otc,電腦及週邊設備業,139458,109488,160621,27.372862779482684,-13.175736672041639,1289054,14.446056348782164,2026-10-03,,finmind
2026-09,5508,永信建,otc,建材營造,626025,318829,304807,96.35133566896361,105.38406270197207,2950940,68.03462118839506,2026-10-01,,finmind
2026-09,5529,鉅陞,otc,建材營造,2806171,139924,2926,1905.4965552728625,95804.68215994533,3547735,5594.324510858225,2026-10-06,15:08,mops
2026-09,5601,台聯櫃,otc,航運業,7850,8216,8016,-4.454722492697177,-2.0708582834331337,70562,1.284682848407424,2026-10-06,10:00,mops
2026-09,5609,中菲行,otc,航運業,3654668,3415327,2486822,7.007850199995491,46.961382841232705,26922341,23.919896343484183,2026-10-06,09:30,mops
2026-09,5864,致和證,otc,金融業,560572,599176,352537,-6.442848178164679,59.010827232318874,5410830,653.0217145942727,2026-10-05,,finmind
2026-09,5880,合庫金,sii,,,,,,,,,2026-10-06,14:55,mops
2026-09,6103,合邦,otc,半導體業,5464,4150,6640,31.662650602409638,-17.710843373493976,57427,-16.8363430987792,2026-10-05,,finmind
2026-09,6104,創惟,otc,半導體業,311102,319894,314031,-2.748410410948627,-0.9327104648904089,3084177,0.5937429977367706,2026-10-05,,finmind
2026-09,6112,邁達特,sii,資訊服務業,2068875,2129820,1935878,-2.8615094233315492,6.870112682720709,18990587,16.977175310903895,2026-10-03,,finmind
2026-09,6121,新普,otc,電腦及週邊設備業,6047377,6752335,7615875,-10.440210682674957,-20.595112183432633,59292385,1.5299410694540974,2026-10-05,,finmind
2026-09,6134,萬旭,otc,電子零組件業,232781,239959,175161,-2.991344354660588,32.89545047128071,1917869,39.814292358678046,2026-10-06,13:36,mops
2026-09,6138,茂達,otc,半導體業,609150,665278,671042,-8.436773799825035,-9.223267694123468,6017241,8.268682707015303,2026-10-06,13:43,mops
2026-09,6146,耕興,otc,其他電子業,417116,415183,376109,0.46557782953540966,10.902956323831654,3681171,9.663297777581823,2026-10-05,,finmind
2026-09,6158,禾昌,otc,電子零組件業,179283,172833,175126,3.731926194650327,2.3737194933933283,1417510,1.411741644053379,2026-10-02,,finmind
2026-09,6164,華興,sii,光電業,70547,55352,47949,27.451582598641423,47.12924148574527,590077,2.507634953669121,2026-10-03,,finmind
2026-09,6165,浪凡,sii,數位雲端,306706,286160,297529,7.179899357003075,3.08440521764265,2589727,7.426572005168634,2026-10-06,16:44,mops
2026-09,6166,凌華,sii,電腦及週邊設備業,1529826,1528587,1016467,0.08105524906335067,50.50424657170375,12388205,42.64176748510076,2026-10-06,17:36,mops
2026-09,6173,信昌電,otc,電子零組件業,526646,551669,340292,-4.535872053713368,54.7629682743056,4015318,29.275384342465387,2026-10-06,16:16,mops
2026-09,6174,安碁,otc,電子零組件業,67750,66923,50985,1.23574854683741,32.88222026086104,574434,26.88953488372093,2026-10-06,14:46,mops
2026-09,6186,新潤,otc,建材營造,0,0,47007,,-100.0,3874028,-57.61247247812173,2026-10-06,13:42,mops
2026-09,6188,廣明,otc,電腦及週邊設備業,756876,594489,879181,27.315391874366053,-13.911242394910719,6169893,-11.349513692642715,2026-10-05,,finmind
2026-09,6194,育富,otc,電子零組件業,135391,84593,95997,60.04988592436727,41.0366990635124,779737,-28.013490021427828,2026-10-05,,finmind
2026-09,6197,佳必琪,sii,電子零組件業,907112,842399,719314,7.681989176150494,26.107930611666117,7120809,23.980416105524597,2026-10-05,,finmind
2026-09,6204,艾華,otc,電子零組件業,35895,35672,38189,0.6251401659564925,-6.006965356516274,324377,6.058584847979545,2026-10-06,14:07,mops
2026-09,6205,詮欣,sii,電子零組件業,141722,120067,123728,18.035763365454287,14.543191516875728,1058787,-1.6205673890662573,2026-10-05,,finmind
2026-09,6213,聯茂,sii,電子零組件業,5824212,5044034,2763756,15.467342210619517,110.7353905337519,36290498,50.07486064712765,2026-10-05,,finmind
2026-09,6234,高僑,otc,光電業,105131,75955,45021,38.41221776051609,133.51547055818395,518314,46.45982565450204,2026-10-06,17:59,mops
2026-09,6235,華孚,sii,電腦及週邊設備業,529636,538434,659994,-1.6339978530330552,-19.751391679318296,4834826,-0.18528837167340276,2026-10-02,,finmind
2026-09,6243,迅杰,sii,半導體業,32565,31782,52963,2.4636586747215405,-38.51367936106338,264583,-47.80854803362087,2026-10-06,16:14,mops
2026-09,6257,矽格,sii,半導體業,2088797,2068935,1654245,0.9600108268263624,26.26890212755668,17346391,21.15487058351874,2026-10-05,,finmind
2026-09,6274,台燿,otc,電子零組件業,6125570,5914540,2851779,3.5679866904273196,114.79820140340468,42303814,99.4009272956908,2026-10-05,,finmind
2026-09,6278,台表科,sii,光電業,5162030,4628384,4452405,11.529855776875904,15.93801552194825,40243995,6.4937400122413305,2026-10-05,,finmind
2026-09,6279,胡連,otc,電子零組件業,986173,974746,867716,1.172305400586409,13.651586463773862,7806815,14.448032076114803,2026-10-06,14:32,mops
2026-09,6412,群電,sii,電子零組件業,2413451,2469056,3054108,-2.252075287073278,-20.976894071853387,23641068,-11.153601455692247,2026-10-05,,finmind
2026-09,6435,大中,otc,半導體業,306213,339956,281432,-9.925696266575674,8.805324199096052,2879239,13.733155736312666,2026-10-06,14:12,mops
2026-09,6438,迅得,sii,其他電子業,695372,611320,531460,13.749263887980108,30.84183193467053,5513220,13.616425398532916,2026-10-02,,finmind
2026-09,6441,廣錠,otc,電腦及週邊設備業,13605,35611,10107,-61.79551262250428,34.609676461858115,121014,-43.083305113443956,2026-10-05,,finmind
2026-09,6446,藥華藥,sii,生技醫療業,2635360,2617220,1317839,0.6931018408846027,99.97586958649728,19736673,83.53653620449974,2026-10-05,,finmind
2026-09,6449,鈺邦,sii,電子零組件業,507848,463542,404485,9.558141441336492,25.554223271567547,3975531,24.04222551015887,2026-10-06,17:05,mops
2026-09,6456,GIS-KY,sii,光電業,6163991,4210995,4711353,46.37849249405426,30.83271408446788,41035681,-18.52952835186909,2026-10-05,,finmind
2026-09,6474,華豫寧,otc,電子通路業,373802,415477,332069,-10.030639481848574,12.567568788414457,3460600,18.655923195611177,2026-10-06,17:01,mops
2026-09,6486,互動,otc,通信網路業,169826,1491945,325048,-88.61714071229167,-47.753562550761735,2869178,92.05764718876242,2026-10-03,,finmind
2026-09,6491,晶碩,sii,生技醫療業,750976,750382,622478,0.07915968133563972,20.64297854703299,6247121,22.27683393103697,2026-10-03,,finmind
2026-09,6492,生華科,otc,生技醫療業,80,80,164,0.0,-51.21951219512195,720,-13.25301204819277,2026-10-06,15:04,mops
2026-09,6496,科懋,otc,生技醫療業,76368,65774,71180,16.106668288381428,7.288564203427929,680661,9.954284052726802,2026-10-06,16:21,mops
2026-09,6510,精測,otc,半導體業,651760,638311,418192,2.106966666718888,55.851857519990816,4901661,35.774704769312464,2026-10-03,,finmind
2026-09,6515,穎崴,sii,半導體業,1250373,1705663,666094,-26.692846124937926,87.71719907400457,11060037,96.6744524119658,2026-10-06,15:01,mops
2026-09,6516,勤崴國際,otc,資訊服務業,43108,48623,41184,-11.342368837792813,4.671717171717172,461334,22.311363274828995,2026-10-06,14:33,mops
2026-09,6525,捷敏-KY,sii,半導體業,595452,609229,457945,-2.2613828297733694,30.02696830405398,4827266,20.941613999291476,2026-10-06,16:51,mops
2026-09,6530,創威,otc,通信網路業,32006,32210,29601,-0.6333436820863086,8.124725516029864,283263,15.338385051691212,2026-10-06,13:30,mops
2026-09,6531,愛普*,sii,半導體業,1188724,1030931,625142,15.305874010966786,90.15263732080071,7788215,105.98844348923365,2026-10-05,,finmind
2026-09,6534,正瀚-創,sii,生技醫療業,118289,39892,106072,196.52311240348942,11.517648389772985,1549348,3.926799377786662,2026-10-05,,finmind
2026-09,6538,倉和,otc,電子零組件業,175001,167967,122311,4.187727351205892,43.078709192141346,1197349,4.664014552536598,2026-10-03,,finmind
2026-09,6548,長科*,otc,半導體業,1713294,1650483,1198856,3.805613265934881,42.91074157363353,12906307,30.032933638838642,2026-10-06,17:33,mops
2026-09,6552,易華電,sii,半導體業,64826,83012,100128,-21.9076759986508,-35.25687120485778,813870,-28.795462479101104,2026-10-06,15:49,mops
2026-09,6560,欣普羅,otc,光電業,23099,11103,10385,108.04287129604612,122.4265767934521,186595,69.65341043405525,2026-10-05,,finmind
2026-09,6561,是方,otc,通信網路業,358111,359802,323621,-0.4699807116136097,10.657528405140582,3103041,2.8229377944357057,2026-10-06,13:41,mops
2026-09,6579,研揚,sii,電腦及週邊設備業,974398,984940,814281,-1.0703190042033017,19.663605069994265,8100819,27.256257036677358,2026-10-06,16:40,mops
2026-09,6581,鋼聯,sii,綠能環保,145623,374152,115463,-61.07918706835724,26.120921853754016,1892141,16.195614126663433,2026-10-06,17:02,mops
2026-09,6584,南俊國際,otc,電子零組件業,270864,280097,207598,-3.2963580473907252,30.475245426256514,2544534,47.69098432447586,2026-10-06,13:58,mops
2026-09,6590,普鴻,otc,資訊服務業,67626,63252,55327,6.915196357427433,22.229652791584577,561655,13.552828433949294,2026-10-05,,finmind
2026-09,6606,建德工業,sii,電機機械,80956,94969,73652,-14.755341216607524,9.91690653342747,751262,25.225151642944414,2026-10-05,,finmind
2026-09,6617,共信-KY,otc,生技醫療業,6696,4648,5050,44.06196213425129,32.59405940594059,37724,32.1840288727706,2026-10-05,,finmind
2026-09,6629,泰金-KY,otc,居家生活,145674,200259,183695,-27.257201923509054,-20.697895968861427,1939152,68.57060894510366,2026-10-06,17:00,mops
2026-09,6651,全宇昕,otc,半導體業,170126,182425,125546,-6.741948746060024,35.50889713730425,1402172,21.203204835086186,2026-10-06,16:43,mops
2026-09,6657,華安,sii,生技醫療業,434,803,772,-45.952677459526775,-43.78238341968912,5094,4.836386087672361,2026-10-06,15:15,mops
2026-09,6672,騰輝電子-KY,sii,電子零組件業,1020897,805877,338399,26.681491096035746,201.68440214066825,5351803,69.46913233486839,2026-10-06,15:35,mops
2026-09,6674,鋐寶科技,sii,通信網路業,27582,19922,72661,38.44995482381287,-62.040159094975294,313782,-33.78645857512439,2026-10-06,17:57,mops
2026-09,6679,鈺太,otc,半導體業,150784,161250,155156,-6.490542635658914,-2.8178091727036017,1570915,5.505382005892771,2026-10-05,,finmind
2026-09,6680,鑫創電子,otc,電腦及週邊設備業,56274,61505,65117,-8.504999593528982,-13.580171076677365,448470,17.020971247707045,2026-10-05,,finmind
2026-09,6683,雍智科技,otc,半導體業,247115,233323,184998,5.911118920980786,33.57711975264598,2026876,30.264632691674894,2026-10-05,,finmind
2026-09,6684,安格,otc,半導體業,22202,25453,28630,-12.77256119121518,-22.451973454418443,232467,-2.746901055502797,2026-10-06,16:41,mops
2026-09,6690,安碁資訊,otc,數位雲端,249174,219817,229398,13.355200007278782,8.6208249418042,1964185,12.866097907289578,2026-10-05,,finmind
2026-09,6693,廣閎科,otc,半導體業,245960,251209,121624,-2.089495201206963,102.22982306123791,1906742,92.40857085771141,2026-10-06,14:31,mops
2026-09,6697,東捷資訊,otc,資訊服務業,117831,110355,93245,6.774500475737393,26.36709743149767,1057538,3.5519743689921204,2026-10-06,11:39,mops
2026-09,6712,長聖,otc,生技醫療業,110469,109644,91104,0.7524351537703842,21.255927291886195,779569,17.64344590087738,2026-10-02,,finmind
2026-09,6739,竹陞科技,otc,其他電子業,156070,148185,78046,5.321051388467119,99.97181149578454,1086284,97.47602184393656,2026-10-05,,finmind
2026-09,6751,智聯服務,otc,資訊服務業,265191,141542,102615,87.35852255867516,158.4329776348487,1405056,-1.5711559639197357,2026-10-06,18:17,mops
2026-09,6756,威鋒電子,sii,半導體業,211190,189130,127053,11.663934859620367,66.22197035882664,1525665,33.627360560412214,2026-10-05,,finmind
2026-09,6768,志強-KY,sii,運動休閒,1840381,1199166,1659902,53.47174619694021,10.872870808035655,15277424,-0.9537724271694603,2026-10-05,,finmind
2026-09,6776,展碁國際,sii,電子通路業,3368141,3246279,2478002,3.7538979243620156,35.92164170973228,28971794,36.38016084801459,2026-10-06,16:03,mops
2026-09,6781,AES-KY,sii,電子零組件業,1760420,1750881,1403072,0.5448114406404547,25.468970943757697,14572311,26.277619390116033,2026-10-05,,finmind
2026-09,6785,昱展新藥,otc,生技醫療業,0,0,0,,,1500,19.71268954509178,2026-10-01,,finmind
2026-09,6811,宏碁資訊,otc,數位雲端,1529975,1170269,775052,30.737035672994843,97.40288393552949,9746058,33.44554595621736,2026-10-06,14:48,mops
2026-09,6821,聯寶,otc,電子零組件業,44182,33337,49221,32.5314215436302,-10.237500253956645,410908,-10.212108564973134,2026-10-05,,finmind
2026-09,6830,汎銓,sii,其他電子業,264589,254051,193543,4.1479860343001995,36.70812170938758,1973272,24.382632198999907,2026-10-02,,finmind
2026-09,6838,台新藥,sii,生技醫療業,0,0,911,,-100.0,48448,672.8186313606636,2026-10-03,,finmind
2026-09,6841,長佳智能,otc,生技醫療業,36957,39962,22352,-7.519643661478405,65.3409090909091,274242,18.165993054179125,2026-10-06,17:20,mops
2026-09,6844,諾貝兒,otc,生技醫療業,309208,331966,297113,-6.855521348571842,4.070841733616503,2825823,-0.5337581622161593,2026-10-03,,finmind
2026-09,6862,三集瑞-KY,sii,電子零組件業,217779,173128,181279,25.790744420313295,20.134709480965803,1494631,-15.194488039754383,2026-10-06,14:05,mops
2026-09,6877,鏵友益,otc,其他電子業,54572,55149,31922,-1.0462565051043538,70.95420086460749,268519,-21.164567962490494,2026-10-05,,finmind
2026-09,6906,現觀科,sii,數位雲端,31558,26312,34510,19.937671024627548,-8.554042306577804,231265,0.8710330268506725,2026-10-05,,finmind
2026-09,6908,宏碁遊戲-創,sii,電子通路業,496628,357210,441464,39.0297024159458,12.495696138303463,3614380,-2.9061428913358887,2026-10-06,19:53,mops
2026-09,6910,德鴻,otc,數位雲端,34545,29471,38903,17.216925112822775,-11.202220908413233,277649,0.23103942471183248,2026-10-02,,finmind
2026-09,6922,宸曜,otc,電腦及週邊設備業,246636,266107,137460,-7.316981514954511,79.42383238760367,1931547,49.502046073219006,2026-10-06,15:35,mops
2026-09,6937,天虹,sii,半導體業,390167,265278,302311,47.0785364787129,29.061463195186413,2163776,42.074302572113126,2026-10-05,,finmind
2026-09,7402,邑錡,otc,光電業,50126,51239,49913,-2.172173539686567,0.4267425320056899,377052,-8.030265333899223,2026-10-05,,finmind
2026-09,7709,榮田,otc,電機機械,59120,49061,89572,20.503047226921588,-33.9972312776314,654975,0.7691053208118453,2026-10-06,15:42,mops
2026-09,7765,中華資安,sii,數位雲端,204891,146576,155916,39.78482152603428,31.41114446240283,1743717,18.682128702527102,2026-10-06,14:32,mops
2026-09,7788,松川精密,sii,電子零組件業,877203,872043,506170,0.5917139407116392,73.30205267005157,6852465,44.00412313072132,2026-10-06,18:00,mops
2026-09,7794,宏碁智新,otc,居家生活,118735,167741,106807,-29.215278315975223,11.167807353450616,1022135,38.52902152066344,2026-10-06,19:13,mops
2026-09,7822,倍利科,sii,半導體業,311736,301952,224962,3.240250105977109,38.572736728869764,2306056,76.50895803306746,2026-10-05,,finmind
2026-09,8027,鈦昇,otc,電機機械,223419,152884,170627,46.13628633473745,30.940003633657042,1575105,44.77972888011383,2026-10-05,,finmind
2026-09,8028,昇陽半導體,sii,半導體業,512048,505365,384441,1.3224105349598805,33.19286964709799,4262385,29.544198785883573,2026-10-05,,finmind
2026-09,8034,榮群,otc,通信網路業,20126,83363,13608,-75.85739476746278,47.89829512051734,249822,-32.78283611003487,2026-10-06,16:11,mops
2026-09,8039,台虹,sii,電子零組件業,839825,806704,1036890,4.105719074158551,-19.005391121526873,7605357,-3.2921101128816113,2026-10-05,,finmind
2026-09,8046,南電,sii,電子零組件業,5585816,5352700,3539459,4.3551105049787955,57.81553056554688,41130983,41.78990079460085,2026-10-03,,finmind
2026-09,8054,安國,otc,半導體業,226954,683183,297865,-66.7799110926355,-23.806422372551324,4432436,134.05034121943442,2026-10-06,17:17,mops
2026-09,8070,長華*,sii,電子通路業,2295985,2232762,1696856,2.8316049807368633,35.30818171960379,18312399,28.588546052086915,2026-10-06,17:42,mops
2026-09,8072,陞泰,sii,電子通路業,110226,113421,111639,-2.8169386621525114,-1.2656867223819632,1077045,18.885831321630686,2026-10-06,16:43,mops
2026-09,8083,瑞穎,otc,電機機械,120128,110464,97985,8.748551564310544,22.598356891360922,1129963,3.973576964589857,2026-10-05,,finmind
2026-09,8086,宏捷科,otc,半導體業,421764,421572,389076,0.04554382169593806,8.40144341979459,3782676,32.106243052303256,2026-10-02,,finmind
2026-09,8109,博大,otc,電子零組件業,220400,227249,156671,-3.0138746485133048,40.67695999897875,1683493,31.926193120061562,2026-10-03,,finmind
2026-09,8114,振樺電,sii,電腦及週邊設備業,1440617,1542429,996282,-6.600757636169963,44.59932027277417,13672292,-10.359269254823577,2026-10-06,17:16,mops
2026-09,8131,福懋科,sii,半導體業,1236679,1135080,912768,8.950822849490784,35.486673503015005,9561131,37.2346470752455,2026-10-06,14:08,mops
2026-09,8147,正淩,otc,電子零組件業,237377,229772,162742,3.309802760997859,45.86093325631982,1639075,31.19443101521754,2026-10-05,,finmind
2026-09,8163,達方,sii,電腦及週邊設備業,2162368,2319492,2239296,-6.77406949452725,-3.43536540055446,20552946,8.810226165770192,2026-10-06,16:00,mops
2026-09,8215,明基材,sii,光電業,1627061,1598251,1500860,1.8025954621645786,8.408579081326707,14380980,6.380100080726489,2026-10-02,,finmind
2026-09,8240,華宏,otc,光電業,550650,527855,603305,4.318420778433471,-8.727757933383613,4901843,-10.017987800456753,2026-10-06,17:54,mops
2026-09,8261,富鼎,sii,半導體業,265599,285265,270341,-6.893940721785007,-1.7540809570135496,2501944,5.832150344237137,2026-10-06,14:36,mops
2026-09,8271,宇瞻,sii,半導體業,3001434,2789279,1164647,7.60608745127325,157.7119075565386,25300238,216.80310358938297,2026-10-06,16:32,mops
2026-09,8374,羅昇,sii,電機機械,440712,476925,367137,-7.593017770089637,20.040202976000785,4441933,36.21011263415381,2026-10-03,,finmind
2026-09,8404,百和興業-KY,sii,其他,731592,698707,703451,4.706550814576067,4.000420782684224,5955434,3.6911715186419833,2026-10-05,,finmind
2026-09,8409,商之器,otc,生技醫療業,31443,20966,79137,49.971382237909,-60.26763713560029,154791,-9.14688187820983,2026-10-06,16:27,mops
2026-09,8422,可寧衛*,sii,綠能環保,708808,700892,358349,1.1294179417085657,97.79823579806278,5367269,41.74394145663848,2026-10-06,15:48,mops
2026-09,8432,東生華,otc,生技醫療業,325437,124789,242717,160.78981320468952,34.080843121825005,1173707,19.888722845933135,2026-10-05,,finmind
2026-09,8436,大江,otc,生技醫療業,520663,545596,620812,-4.5698648817073435,-16.13193688266335,4933749,-3.698411177174074,2026-10-05,,finmind
2026-09,8930,青鋼,otc,鋼鐵工業,118832,106959,114956,11.100515150665208,3.371724833849473,1047052,-3.544805680532679,2026-10-06,18:56,mops
2026-09,8940,新天地,sii,觀光餐旅,107622,66286,61416,62.36007603415503,75.23446658851114,1177546,6.31749542920344,2026-10-05,,finmind
2026-09,8942,森鉅,otc,其他,247547,296719,136365,-16.57190810160455,81.53265134015327,2178741,-29.13495005517983,2026-10-05,,finmind
2026-09,8996,高力,sii,電機機械,1616110,1203933,636816,34.23587525219427,153.7797417150323,9470912,120.78380260331956,2026-10-05,,finmind
2026-09,9906,欣巴巴,sii,建材營造,275810,60709,16732,354.3148462336721,1548.3982787473105,1528080,262.6525410454668,2026-10-05,,finmind
2026-09,9938,百和,sii,其他,1490654,1440671,1406877,3.469425010984465,5.954820499588806,12251268,2.0222888550811375,2026-10-05,,finmind
2026-09,9943,好樂迪,sii,觀光餐旅,180430,190552,173362,-5.311935849531887,4.07701803163323,1738140,-4.365016701761181,2026-10-06,15:31,mops
